Credit_Score,Annual_Income,Debt_to_Income_Ratio,Employment_Years,Loan_Amount,Loan_Approved
402,101182,26.92646652747722,10,30338,0
735,49402,13.0505695689237,3,97435,0
570,24263,25.21439322603423,5,74681,0
406,197900,8.749477016202146,0,37101,0
371,67924,6.419654882221784,19,7775,0
320,94182,12.434145903515251,15,50619,0
421,162736,57.97133113740456,14,50838,0
766,55737,35.22412447422593,16,24539,1
514,121332,58.1202188634271,7,62124,0
630,109563,28.78738330815726,11,70149,1
758,180445,22.149887319689277,9,31616,1
387,187469,32.837802456213424,14,84655,0
672,148575,29.173142874810058,8,95695,1
399,121371,10.811557634395914,1,59567,0
430,58709,40.24544730796134,4,42099,0
608,170322,16.88210003802798,5,80831,1
643,41172,39.07733751938063,6,66799,0
791,31555,40.761060081898435,0,95221,0
713,73276,13.361366922075646,6,30479,1
685,77492,8.374229491086748,19,51172,1
491,109599,47.94188723376419,11,60863,0
576,175834,30.28902330731261,15,47043,0
460,31046,8.199008752801168,15,87569,0
759,136021,59.717647444337196,10,20408,0
613,179841,8.177930854800165,3,62980,1
321,174222,43.22693758722043,12,87956,0
552,24853,59.10234088948775,6,21351,0
774,140900,18.154905731875907,3,9131,1
358,172864,12.82371527779579,14,49825,0
810,79129,11.67617166823359,18,16349,1
775,134130,21.680133116217757,8,65931,1
489,183059,10.557519605585568,10,49254,0
543,166922,43.068873793177254,7,43225,0
804,163184,8.426048897153448,0,17453,0
430,141789,33.018217048238434,7,23814,0
784,175130,59.818326961913726,12,23263,0
320,196492,49.76836482283103,3,82694,0
466,58890,38.8370691027056,7,20735,0
573,86017,21.843949143263643,2,20830,0
687,198376,39.314270996040115,8,52893,1
615,183993,33.98728051514084,1,49673,0
313,152596,28.434586113970433,1,94462,0
541,120424,12.189070720710971,12,50066,0
645,35048,53.76323183822567,14,8373,0
639,186183,29.73815568517274,11,15335,1
391,188976,15.704238150142078,3,28741,0
666,74912,25.226764298250927,7,15692,1
754,54008,27.777136389090987,8,52295,1
727,151132,50.51458425617809,4,50541,0
808,103559,45.348790930877115,19,39057,0
334,75337,47.31176915027369,17,71983,0
505,130616,5.606719543575597,10,24583,0
380,33350,27.888469899886882,14,27765,0
687,44354,31.4739283399428,8,64287,1
301,65186,6.055575225268118,16,28906,0
689,48145,19.28972648097688,11,90103,0
405,185092,46.81594027171742,6,84675,0
776,106123,12.541033815094949,9,51525,1
701,40581,34.44205722989254,9,43230,1
461,108929,16.83610296094806,12,24520,0
501,43051,5.66664260541413,18,90238,0
569,71474,18.26608016797478,10,56934,0
570,111748,58.67305652005296,12,30566,0
755,145995,49.08454115356443,7,78193,0
761,89626,57.77671543765684,7,35134,0
551,26960,31.831972415949934,3,15345,0
595,186844,11.035490927262693,14,46185,0
637,172592,35.13777189355311,10,97949,1
352,56408,29.99075340079785,10,75744,0
516,114006,51.439639550678876,0,38455,0
487,77134,10.394541943133452,16,33018,0
679,171563,31.8532625361978,14,59219,1
792,152413,13.252676558169135,19,50991,1
340,195695,22.857175978953297,5,78616,0
456,110327,45.55463925632898,14,92438,0
314,151410,31.18099711528216,8,14486,0
364,163326,25.67385568301731,13,43862,0
820,31344,26.696195321351944,17,63870,0
643,152822,30.269572262329266,16,91694,1
428,87957,48.175909911038126,17,48856,0
771,125423,54.06465789171289,4,91055,0
362,78053,57.543407757716054,19,36379,0
438,166968,48.27968624404123,19,69729,0
798,97454,22.3473792661407,8,33378,1
691,110600,42.84740883475982,10,59353,1
718,142732,29.068171823046555,0,54996,0
588,179007,19.006884212532814,17,19031,0
678,57641,51.24793686842575,5,85072,0
789,49711,7.113449192927875,1,70982,0
530,90342,54.59690956744829,14,41683,0
340,126896,30.381260554360377,13,22618,0
327,163254,40.04608122445542,4,11587,0
434,107833,41.26446572131805,5,67790,0
500,76276,54.2314757388595,5,36480,0
332,39541,40.016832519196406,17,25527,0
347,114457,38.766347161803395,13,28569,0
802,64813,8.665862230837948,9,16151,1
706,188270,33.512441206986225,13,76094,1
398,159892,13.259295044937291,12,64174,0
846,44070,45.55885727968171,2,49739,0
761,162194,33.1722056446971,5,37954,1
304,100559,42.412527856459434,7,40303,0
517,61786,7.292009533131134,11,39700,0
802,157809,9.663560882519178,12,98036,1
697,56062,44.39778634344752,10,72568,1
692,71571,8.964638479927036,11,71788,1
506,45510,8.919120027089223,0,76045,0
314,39426,5.66596613791881,16,42842,0
760,57265,57.60757690647141,15,18900,0
540,168922,45.562959770245385,10,85059,0
395,86150,24.42882746761353,12,6881,0
784,107312,21.30945697082104,17,38037,1
706,109613,24.233677636021724,10,6630,1
530,94910,47.605944214965,11,25789,0
470,72375,41.375383608872795,5,93059,0
840,141826,15.185756232710737,8,88494,1
335,55435,14.57601344337464,15,51151,0
824,116443,10.411760734236852,3,53920,1
459,154055,41.3166495835736,2,72231,0
542,171734,47.040496422195474,15,85357,0
385,43510,19.57755355787522,11,8262,0
327,192070,6.151972856700205,10,71981,0
639,114071,9.519441711203504,4,86972,1
630,26640,58.23230191647668,17,80485,0
805,64547,21.249462761258116,18,59722,1
647,74620,47.30727313109735,5,94499,0
772,166389,39.35649628698451,17,55818,1
530,135608,26.006680180909274,5,34932,0
489,27564,16.312799420755532,3,11901,0
524,178417,11.676252998767353,11,13597,0
684,133824,38.82571324213767,18,68909,1
676,99273,47.604857935078336,1,77391,0
582,94859,40.41473394476219,16,89214,0
558,130017,34.16661732870371,10,13263,0
658,143618,7.307317288739995,10,68293,1
755,145341,58.26688276769111,15,30805,0
710,49430,48.9292805410016,1,96679,0
617,47788,21.10521201855306,1,16874,0
524,199615,58.89836811473678,7,98065,0
533,164991,38.10348742999771,12,91402,0
673,89346,37.033246201398555,9,19079,1
771,116122,46.144024868624264,7,54850,0
532,59974,49.64733834495757,3,77779,0
412,127309,41.10632340323264,14,14018,0
796,36371,12.045266050141002,0,54500,0
741,65084,23.604712829697412,10,17100,1
567,180701,56.04460021793273,6,62021,0
809,81916,17.353858651411855,16,24800,1
685,93972,25.469186311063233,19,68400,1
686,32984,28.76422856193078,17,97446,0
412,53039,29.16727443319487,11,34437,0
380,105431,38.7116770371989,8,81537,0
412,103691,56.86917107595892,4,51675,0
301,78606,18.238099150787775,9,24942,0
519,161688,11.682575696550494,3,25862,0
524,122665,15.860876942296553,4,16669,0
684,125373,53.78086951150982,9,58772,0
702,44574,40.51959469603633,10,20916,1
429,154502,20.724873408153805,9,15878,0
352,163748,49.87708164327395,7,7985,0
715,161888,52.37534979998898,1,78648,0
546,52733,51.55828862796529,7,46235,0
738,22050,55.5409593501755,15,23931,0
502,129996,18.873256109534886,4,97876,0
483,53933,46.5273060810453,2,5336,0
422,44951,30.3296723500777,11,47933,0
700,52413,51.30992040895338,12,89899,0
593,185873,45.066987243888725,12,50536,0
579,183985,47.70460955748486,9,74504,0
497,132573,41.08890107245893,3,56148,0
810,191672,14.758582320833877,8,21279,1
443,186472,34.976480539331604,1,73665,0
500,155566,59.15683567384795,18,76386,0
423,142744,56.55634365734154,0,91124,0
486,109431,7.374555468835641,6,82485,0
625,63001,14.064814865119041,16,79055,1
763,87364,12.245082540000904,2,96911,1
648,144988,44.928895049191254,19,82273,1
702,65028,49.97819314213198,19,71670,0
645,188645,16.743125147086957,2,81474,1
810,151878,32.821898112350596,2,59028,1
446,144343,51.238666540616,16,95022,0
447,148301,45.30408496214378,6,96632,0
788,146295,34.82304630205165,13,76128,1
637,180829,37.46912297523251,16,23108,1
772,54636,32.9598300803954,17,57495,1
450,199352,21.36516482253513,12,87806,0
714,44262,36.076209607245886,19,98185,0
597,100435,42.88869161275499,19,81533,0
562,148583,53.03276037234442,17,61830,0
443,189269,39.99602446885864,3,79640,0
645,61844,46.86168453737369,0,57509,0
301,84754,13.803939922501515,17,71406,0
603,185229,30.385661093088444,0,99220,0
553,97129,5.513239090490131,12,44519,0
752,60042,18.567337548689267,19,54649,1
336,81665,44.95539433121527,19,39524,0
459,136953,59.54954732421499,9,38885,0
308,178448,10.454795477296875,10,49369,0
532,165271,27.082187372370853,8,35676,0
398,138533,49.00390327845377,8,69093,0
507,93781,16.221959904589436,4,52764,0
430,86262,35.529672211625744,0,55799,0
703,66600,45.318921281632115,16,84414,0
451,96898,38.879199764309845,1,98095,0
353,169369,15.341360403847887,12,77307,0
419,50448,24.54615127771567,8,87062,0
719,46172,48.10854814669685,3,36923,0
721,193946,35.48245827726092,4,83388,1
403,27657,5.287628744860201,10,52574,0
553,176497,46.85449180154516,18,48391,0
526,177757,6.942124521713149,2,58664,0
411,132855,46.01535805021777,11,72384,0
809,175650,16.136430809088058,18,36027,1
772,179903,57.69404140656591,18,40464,0
398,27906,25.236741321614645,12,39485,0
452,81413,22.981238898594352,6,24456,0
637,74028,13.188842768284458,14,79795,1
462,27287,21.808231851961818,6,40554,0
460,53660,53.21579190055103,7,51922,0
697,80504,59.798388569498606,4,18409,0
576,122979,25.25702417787666,13,74327,0
803,54701,29.67358470249984,3,96400,0
691,103300,44.71390160115054,9,41639,1
434,168746,53.7407679255791,19,68627,0
494,103560,37.61743838027313,14,88424,0
700,174946,26.533913399780612,17,24692,1
332,63642,27.694201246674307,19,94037,0
759,85160,43.258998057324376,12,83840,1
769,37602,5.177004498235328,7,59200,0
674,123320,39.07741356029124,8,98063,1
321,108801,24.552115574274655,15,62415,0
337,45931,48.680853220239634,18,23074,0
529,114377,10.11448519027227,15,20549,0
664,49192,37.351124682161476,6,34963,1
737,66542,31.453508943736807,13,96456,1
582,147015,40.327903924787506,13,57265,0
326,62520,8.56694769656326,3,21061,0
525,84772,36.89910830854722,14,63226,0
576,70106,35.8816523377738,2,33810,0
583,101121,35.8363051928894,4,65006,0
780,45559,38.19182166280501,0,27800,0
752,125595,42.20573654744992,2,80476,1
815,53742,49.27439498244234,14,74460,0
846,89669,19.84013960705179,7,62767,1
491,172826,50.37771755990342,3,33054,0
348,155044,32.404062524489945,1,80319,0
811,90831,9.238205352388213,9,50397,1
316,132217,8.220301108418855,3,18233,0
471,61873,23.383107528283343,2,95020,0
519,126532,48.169333741130714,1,30068,0
457,146267,43.92245141075037,16,70727,0
776,160975,48.37382305698235,19,95610,0
345,154092,33.44979810428852,12,75453,0
672,61755,29.21094488755198,4,30832,1
817,105956,13.109888968845617,8,91242,1
398,106988,23.050601448512136,5,18682,0
336,65648,28.87106513956314,4,97298,0
579,145991,9.873023632378947,9,28383,0
648,160588,17.13365739911662,7,63160,1
796,135005,37.902391173505634,6,98332,1
601,22396,45.46147128315544,6,28666,0
480,104082,59.90911312661223,5,63817,0
398,170201,56.321233223895675,19,96198,0
415,148322,40.341085974435536,2,39642,0
490,152663,28.16864293117396,18,46830,0
552,31303,39.9897550589528,14,15234,0
460,181633,48.21083899441276,3,62616,0
555,91719,11.508490500786301,11,14221,0
622,119616,27.544768933295853,5,16410,1
427,144165,51.189125709958944,18,85055,0
317,106231,26.11081235631742,3,66413,0
622,27314,36.452974917495254,14,6051,0
587,39623,37.3273148474209,8,80301,0
454,125228,15.146193922350164,4,81918,0
789,184202,24.92294929087586,12,83116,1
685,117624,23.398120880806268,17,61563,1
403,177364,6.440818969263564,4,49757,0
692,131785,6.330547014024539,15,82475,1
545,106206,50.74333740216754,18,56257,0
475,89274,20.018894548504683,13,5307,0
338,153541,33.49433214313485,15,61889,0
776,73947,21.42990654738252,14,73895,1
837,173606,56.737358481343726,3,40944,0
707,68874,19.261321737617557,6,43134,1
824,69708,28.63112470064143,15,32323,1
805,94553,53.0001637766531,7,76762,0
335,88344,51.30634617354948,16,92225,0
319,69138,15.235577981545253,15,30954,0
620,67638,49.145382038764076,9,60021,0
811,98249,30.200278770584095,9,94959,1
699,125865,31.56328796469454,1,84866,0
770,22719,12.341398482876908,8,75427,0
442,173962,9.433083256641856,16,9992,0
391,187581,45.03666188355709,10,6961,0
653,62534,32.30536337954149,9,17497,1
350,112241,29.026788643834877,16,37551,0
489,169859,45.12295257588182,3,81384,0
424,146209,47.10320944451104,15,60755,0
449,199917,13.739949221814445,19,18255,0
613,112124,38.562383221270274,14,9567,1
641,111659,12.444474525272703,4,53847,1
604,184134,46.32562973159751,5,53003,0
353,95713,41.132533594692674,16,25389,0
743,95418,57.61380415959019,0,49523,0
563,148232,8.792690899603166,18,66576,0
352,185904,8.138009663318988,3,48919,0
304,183038,20.520289108126008,16,87103,0
402,164059,19.393812605474828,8,8358,0
495,188383,18.58383394895999,1,93535,0
649,51575,54.844001928657015,7,81524,0
346,83852,18.725040991722835,14,10698,0
568,152079,19.957234937074706,6,71809,0
669,96242,46.76690443298801,5,98079,0
405,198589,29.7356913347797,0,60805,0
419,49257,47.71908063253497,14,36349,0
357,193279,8.595138666041189,6,81777,0
645,164353,31.816415652036138,16,55248,1
773,81246,6.848748010080545,1,80033,0
416,21435,8.4459261900445,8,49041,0
426,111357,54.8540599339426,8,36954,0
692,177732,12.658495411467733,12,13002,1
357,156156,34.28313752513694,5,74783,0
812,164579,27.61025814303886,5,92234,1
395,103807,24.103882944236346,19,24738,0
417,196611,54.490834012799986,19,15703,0
787,135953,6.200286822651923,2,54422,1
536,158563,41.5084327396574,16,88106,0
571,143797,57.986693881745275,16,66899,0
488,83888,35.80925009040131,11,17392,0
746,93609,56.52523541182005,15,49724,0
546,29077,7.874183360731307,14,37299,0
375,40953,28.033632549078877,12,20641,0
453,134682,19.308678502912812,0,84534,0
734,87889,45.19515307394014,16,11305,0
385,174893,58.97133997734856,2,23782,0
584,188639,19.10915343443363,14,83257,0
519,135374,40.979603081074096,3,82963,0
368,44860,15.895369801785707,3,25566,0
346,172267,36.093164001438545,17,72766,0
393,97475,30.516286767858492,16,11511,0
752,107266,58.46029312973454,18,31177,0
503,172499,38.46899999830566,10,9765,0
517,120732,24.222850464775032,19,25354,0
773,47083,11.275268168836336,2,28929,1
731,77372,13.3185755804214,7,33820,1
640,143786,17.39243114731793,13,34523,1
588,195136,18.80316637371639,0,76088,0
553,27813,51.78388318126258,13,71163,0
656,51598,35.86725335553887,1,82525,0
322,113106,33.78650012559015,3,18780,0
821,47082,11.312287952806962,18,11589,1
399,49241,52.30768313421892,5,39812,0
479,195641,44.75478667646661,0,98664,0
522,31745,8.721759904500086,16,50939,0
741,46029,43.93093034763728,7,56493,1
624,164097,34.89460195384554,18,98326,1
815,143395,9.494894016072804,0,45953,0
315,165360,30.206535284076104,4,70785,0
635,109186,31.658295792152582,15,24309,1
557,157612,14.117599708980165,5,59195,0
796,117768,57.013398085015524,7,30901,0
459,61846,51.74864543143641,12,28576,0
774,95932,41.79622855310096,15,36508,1
679,168554,30.426255855033396,2,79711,1
844,43411,27.647104787147967,18,30464,1
726,98797,40.80354069330248,11,65281,1
567,72307,34.998752817379795,15,21260,0
716,154165,8.425020823503708,10,40440,1
467,42042,33.18764568236824,9,61683,0
342,72930,49.35219894780617,19,46430,0
584,195485,30.25819326783269,3,6987,0
696,117883,7.857611765484762,11,30105,1
311,53756,48.24530096612182,1,83484,0
601,73268,16.07500801747859,18,18026,1
552,190286,19.224145918842133,4,73309,0
798,179674,14.058849438776274,7,50927,1
334,68901,23.161828567932364,6,80414,0
389,119986,46.621332812874925,13,62535,0
717,183268,33.56622227271656,2,47946,1
414,148386,16.26847007828919,17,61561,0
495,25626,53.28065429836224,15,15377,0
800,158496,53.3770020223341,18,58592,0
792,32857,52.88181337753038,18,12347,0
374,171054,18.13379162598466,17,38776,0
712,153052,29.818163929954345,19,8783,1
675,199362,59.17443108774813,15,60798,0
719,46431,47.46068619704947,7,9298,0
576,104976,6.49420816740579,0,75204,0
693,102711,8.586252519327063,16,91207,1
756,46385,30.516225724678304,11,60161,1
491,189230,55.00711132238581,10,65652,0
398,174091,34.62859888739928,4,39484,0
847,38639,32.37968794188596,11,25922,0
395,105530,10.801053497614681,16,39028,0
489,41563,41.12290575983617,5,25316,0
336,190413,50.2156738330124,0,81996,0
668,135672,25.92310041291593,4,21968,1
824,156848,47.65865180089301,13,35266,0
578,187516,58.046215964544636,4,29000,0
516,159783,16.2071552520229,0,19011,0
572,102970,33.78312971571077,17,7866,0
361,105553,20.792587694651655,15,10898,0
641,181779,48.60699304686116,8,23395,0
696,190182,36.76763512346366,18,44019,1
318,102879,39.902032965266706,4,9006,0
476,189899,48.885278778874174,1,39393,0
695,156727,26.77837599643502,14,15956,1
744,64859,55.329953762387376,6,55042,0
532,72098,34.3165876985377,3,11078,0
375,166323,13.68751525594414,0,34631,0
564,142413,43.27445149928413,12,67901,0
754,20526,48.629374274103995,19,74497,0
683,88760,22.421892238713966,6,99813,1
805,67837,52.144859134931416,14,46574,0
666,31536,54.83787901211715,13,36417,0
443,48541,20.22974680577949,18,93020,0
368,99083,59.09368099933722,19,88639,0
398,54531,12.739134042681712,17,70006,0
695,28712,16.11086176213695,9,99881,0
324,124101,15.132366158091436,8,44454,0
768,85455,54.169434050432876,7,6587,0
783,94744,40.986090377872905,9,59710,1
450,149749,13.365735577225008,16,91567,0
443,25109,29.217788010259195,1,96748,0
338,69268,38.84139137883911,5,80886,0
408,74615,9.59052467441608,4,23816,0
341,102503,53.53290026240363,8,90824,0
485,180831,49.198194449284436,4,34432,0
697,105708,32.7863725467151,17,53617,1
522,122471,58.19196383925437,19,77373,0
432,177661,27.976853860130483,8,39217,0
462,181087,59.12606754700738,16,25884,0
514,180081,41.73559993419949,16,10454,0
534,103309,39.90692002896678,11,79960,0
308,146446,14.127519241268175,6,48618,0
373,126661,53.50602670675542,2,88948,0
791,177215,28.511932835633832,9,67671,1
552,26154,13.922837318036365,1,52111,0
529,172876,5.693413598666747,2,44613,0
818,192760,35.78656260011104,15,90678,1
473,84288,34.0069792167472,1,64993,0
467,71195,44.56444923030372,9,13848,0
469,40581,53.96419291597912,5,83672,0
692,50087,9.367362155366624,10,71125,1
493,184053,45.23230696871993,6,91444,0
816,89298,15.307656925367022,14,66602,1
328,66167,52.199737923644015,5,77045,0
464,194480,50.048493262391084,19,47222,0
721,59499,34.74365652420494,8,54223,1
638,145816,44.06335392428213,19,70333,1
795,189631,22.28925622510616,11,57732,1
664,116347,30.914234441304806,18,54420,1
641,68787,50.19002937407594,19,80504,0
799,55488,30.259585844526764,2,7462,1
810,94441,24.678904592899297,14,14460,1
626,42431,32.181684598766495,1,14275,0
516,81681,50.55370888404701,1,99213,0
600,142720,23.436442605398,2,18269,0
431,69153,14.55688762246591,5,70942,0
369,26368,44.16077111819294,14,77920,0
551,178496,50.4288016989445,9,27553,0
714,132360,10.535061318794334,8,29366,1
744,196076,18.193076201576957,0,49036,0
481,132755,12.808459436854665,15,22369,0
466,76985,24.136777637019165,5,16795,0
390,70069,29.769303839797697,8,75021,0
830,72326,46.18544853298186,3,73154,0
338,128737,40.81311716849208,1,35143,0
425,174470,39.15107121131371,3,34425,0
750,70861,24.380622063530993,0,93209,0
472,95897,51.279615419661795,18,80139,0
519,147118,30.92079420689905,9,10368,0
357,88577,58.850771590833496,14,9621,0
775,29078,39.87781760626552,18,63829,0
755,176075,11.94456078604765,15,65294,1
660,82768,42.18976591414887,3,19719,1
300,71047,22.880720848743444,1,34227,0
686,91626,42.74799581773536,12,12566,1
647,77660,8.830263148932316,0,17306,0
489,152997,14.618479044677766,16,58822,0
804,137832,52.065549239818246,12,29042,0
490,150406,17.49487563629332,3,20086,0
807,145150,51.037261888361705,6,22387,0
668,177087,20.360184864992576,16,32042,1
708,53320,40.35850505322892,8,94424,0
416,84881,43.178281543040704,3,56618,0
433,110827,33.19601142297791,18,97050,0
357,122215,21.79208721832022,0,23323,0
472,177361,16.695440700410288,9,23019,0
448,154461,6.825414500933443,3,80426,0
379,176755,21.71705206823981,8,45863,0
512,164701,40.923953479220565,12,15283,0
502,81550,56.60676501466655,13,23279,0
528,44826,52.91624652446786,9,51999,0
526,120734,47.13356270944164,5,67780,0
831,177702,48.364603878931426,15,27908,0
740,197235,41.57416969117974,5,66584,1
701,118511,19.315777166130164,16,55225,1
346,31653,54.895726688820645,9,42952,0
532,179033,41.89027715482087,17,42663,0
604,101941,35.8242347039242,17,66381,1
825,53662,11.104420806741459,2,52929,1
442,118818,29.5880549093534,19,14343,0
714,172360,30.319704916105945,14,81173,1
812,115081,52.55099852374685,14,44791,0
672,56877,35.065652110328365,3,34134,1
558,131562,25.92203019337253,8,52101,0
770,166385,58.72401806808627,18,74443,0
311,92715,11.089632632947362,16,62530,0
629,161398,28.240163557156954,10,51799,1
657,130091,7.311357134427291,8,9827,1
707,152632,45.694726642181166,9,67653,0
672,99148,55.49421037095328,17,18699,0
307,103186,20.402053125276918,19,96419,0
421,177817,52.20879222395165,12,10313,0
647,182962,21.072002675404377,7,18598,1
389,171094,55.09235889041534,6,33807,0
615,143629,46.467904697823116,16,75423,0
477,90316,49.269872726279125,14,74390,0
839,48380,5.990360558024998,19,50226,1
340,130198,57.95456963907143,14,64550,0
801,22356,44.96690456386778,0,85072,0
444,90326,21.761310246237333,13,8558,0
500,112447,50.616706567236584,4,80308,0
760,134994,20.483665912821145,10,55113,1
846,40049,53.001461176137035,15,57999,0
552,125361,11.191921472656535,1,60878,0
689,36082,43.70272876034377,7,41343,0
555,20661,34.73841621547007,10,63219,0
749,188484,10.309395860749245,17,40186,1
309,22920,18.304160554236145,2,41966,0
541,99561,5.682221995252314,0,38769,0
550,28946,30.782238100547822,10,58218,0
304,196572,21.56958934180002,15,24229,0
418,36309,37.90966163637673,17,80209,0
673,75230,21.348079423973946,15,32877,1
364,131822,21.49555113288416,9,63001,0
445,181099,45.875625930238186,17,43084,0
523,132340,7.64785597880944,5,86780,0
538,79321,54.6592247355593,18,97892,0
476,152028,51.87451309151498,3,21806,0
581,94131,41.72925757745236,12,93635,0
362,198980,37.62718635590613,13,42034,0
516,45963,54.07663739768087,2,45317,0
760,121757,15.193159874079294,9,60468,1
404,190515,9.343303920495574,5,24094,0
398,119259,18.173059345024598,0,62796,0
810,59063,48.70180532851047,13,15589,0
684,134225,6.906864669956583,7,62221,1
704,136400,37.05437592959193,18,6657,1
817,100818,59.749063390522046,13,44531,0
775,24703,52.06328516106467,9,57227,0
736,92099,33.679512897397416,16,8164,1
322,176921,8.50025001076533,8,98078,0
757,182932,50.72554329121404,5,88973,0
382,51585,37.94381794974658,10,46247,0
444,173087,11.321314838276177,6,24601,0
384,63585,10.162150665284592,16,98966,0
377,46958,55.029475069012584,0,55599,0
756,46017,41.806014461594316,4,76545,0
300,144677,50.610773962421554,8,9552,0
350,196422,53.34383951552471,17,14417,0
745,163273,36.447479362657724,1,63579,0
748,49426,33.45954934652727,10,73207,1
787,37778,28.67350756765446,5,77055,0
333,196313,22.43206232851156,7,83270,0
647,62229,28.902777847229146,3,8722,1
394,106652,47.5633810651586,17,75442,0
371,148267,38.10578870583224,10,45031,0
453,199436,54.08878094751653,4,84235,0
549,146503,29.385900790855324,14,26438,0
737,104878,38.38992682953147,17,63819,1
417,77056,39.72191542005938,1,48856,0
605,178562,37.5433439268479,10,38576,1
567,39975,43.6448575197034,12,46938,0
353,177795,18.058840760614345,3,54028,0
535,174351,33.18000776501849,6,64807,0
688,162633,10.732364154459122,10,54877,1
700,108397,26.14812302046469,3,48461,1
602,53142,31.82168877416954,14,98474,0
506,46916,40.87233427500099,0,45469,0
528,84324,57.279207892241196,2,88136,0
374,196037,38.035808660159574,13,25435,0
734,145932,45.89766538971079,5,89117,0
402,155720,32.84463327223615,17,19191,0
721,186205,39.87572172569822,0,89726,0
605,116059,8.901271887357538,5,32386,1
397,118317,18.991536946301586,5,36721,0
634,55046,24.90192012628263,15,59786,1
734,198136,30.987134525358247,4,18704,1
746,121459,7.510681002631106,16,61635,1
607,65893,12.701325365432472,9,7123,1
548,121520,20.224786928521816,17,95710,0
465,145818,58.434297999557785,6,67993,0
780,81272,23.224085390667792,2,85122,1
634,87649,31.512258196164538,12,30416,1
841,84674,15.785374200611612,14,6814,1
405,164832,38.592903909167255,19,83537,0
380,172999,20.437576853378587,18,55258,0
432,106475,16.38459181411347,2,21508,0
437,81367,33.41149456452885,3,90166,0
483,163660,5.302818953823145,4,83916,0
700,141750,5.421521795707393,0,40699,0
629,138154,17.048784500602178,3,51335,1
807,64738,7.019674937545163,11,51806,1
368,53397,10.941416477188024,9,82853,0
845,102189,23.637335713631337,19,68768,1
352,96367,49.14221237688971,12,40739,0
749,140585,36.46267538531154,13,39785,1
504,96619,33.1967249276029,4,36980,0
425,131453,21.14188527644669,3,94335,0
342,39816,56.2464545688049,13,99702,0
410,193312,26.83582726804554,9,90016,0
482,157348,9.790102173767432,16,6609,0
394,99530,38.93865838647907,9,71253,0
673,174571,11.261111641213077,6,90481,1
819,128856,23.987272854093064,15,96128,1
659,91635,32.90765662947949,0,33141,0
580,127803,53.08223885768467,16,35009,0
494,55946,32.14506191870653,8,11782,0
494,75204,43.624232131741536,5,97072,0
392,35563,59.60492614494887,18,30933,0
360,112324,12.23190159438899,12,82154,0
350,29847,20.110233903573572,2,13307,0
702,46155,26.701684157870552,6,97207,0
304,99671,28.200549819635725,8,80874,0
765,136891,27.606159139605015,4,43346,1
833,103310,54.918605140610524,9,55772,0
704,169381,44.27179544567711,16,77084,1
812,151691,38.43478677498871,11,45149,1
532,54707,22.015499482453016,15,91700,0
823,171409,50.308471132171206,2,32526,0
645,101537,57.52832813167439,8,90712,0
345,198686,50.16590554026246,14,73477,0
845,111155,5.08608078553101,4,10695,1
377,20281,40.00207536008739,12,44169,0
372,178492,7.81244597931554,13,52947,0
548,190102,19.168397118354704,19,52224,0
346,152130,8.273858519127444,14,50865,0
420,96260,38.20874991221633,15,30553,0
513,179476,42.76244524209337,12,65410,0
538,180928,11.296820093624781,16,95895,0
355,160272,26.111138567473873,7,29816,0
649,84178,30.09300799255481,1,60026,0
406,53997,25.297916196850412,4,55705,0
347,176683,11.656375026685618,5,66922,0
636,139273,28.042128460311147,11,78914,1
325,192307,46.314792629463,17,6881,0
556,186129,8.90542154932905,0,44567,0
307,152311,9.40990077450469,16,52365,0
552,146945,24.512421050979132,10,84211,0
602,65272,56.79491413904088,9,75122,0
355,109393,41.771495569760276,18,30006,0
825,81212,42.32684761699107,13,46198,1
773,166470,24.905599496082573,9,27831,1
327,140030,37.651343516469616,14,21459,0
377,76503,5.557215121525886,18,37443,0
515,157710,39.98528255252482,3,47316,0
685,26570,55.23078211669302,1,69486,0
664,88785,38.691540758965054,8,10877,1
825,29110,53.053422640648975,9,44553,0
611,99141,44.81851805063516,10,9922,1
306,32115,11.630712902202964,13,9686,0
302,59062,54.63493190072129,6,37766,0
662,42911,8.654411439567617,14,84943,0
807,124061,34.36821099012701,18,37006,1
573,52556,12.817541808640172,14,36422,0
805,148335,5.643863590199723,7,17205,1
314,21969,28.211884307020146,10,91590,0
491,63753,21.227238920978593,8,28527,0
784,155542,31.730027158868165,14,23443,1
327,141863,36.74599377040029,0,21524,0
338,30225,7.405648976992104,0,33202,0
572,143008,11.765181231806011,18,70552,0
530,174268,35.72533180477339,2,51142,0
385,125823,23.874204424496202,9,66692,0
773,33669,45.10454181521964,7,87384,0
425,188452,40.876040672556684,14,25855,0
836,144398,51.508239964444876,9,88747,0
444,130677,43.087105466807394,0,65372,0
824,68320,28.646209256458146,17,30095,1
511,198486,42.01316423169378,1,43724,0
324,166649,20.145964584048016,18,54241,0
693,145354,21.847242432801696,12,57003,1
366,108009,48.394183795643634,0,73379,0
532,48625,29.55307340208702,1,99837,0
408,44089,48.91091872850939,15,96996,0
445,56487,50.23323055175531,14,99283,0
410,130448,52.16592857137061,12,20972,0
527,70138,55.414937971266404,15,98846,0
410,193895,28.704187128231293,16,27927,0
769,188280,22.537675007662635,6,71630,1
333,74061,37.02093106267626,16,57347,0
668,181731,25.414483289069516,6,93860,1
724,121376,38.059079174012815,12,91210,1
817,182962,43.80722244541035,4,74518,1
581,99134,42.86227601706753,16,50283,0
619,67055,25.600408786106673,2,86326,1
742,39508,14.177311093431404,6,17205,0
614,193359,28.679113615421414,16,94874,1
676,178056,12.84267792450498,6,17748,1
588,130169,53.95533693510946,0,26097,0
736,28125,24.02326034058216,16,8092,0
576,56059,13.495286097282808,16,58311,0
802,123409,6.399626794816298,10,27692,1
815,168159,40.520231245756634,2,28862,1
649,25704,40.02962746001088,14,95396,0
745,131279,23.733229161971042,10,84507,1
649,178280,8.944153886620805,15,85152,1
436,138516,27.52958921923776,8,75469,0
542,190954,22.116962228486646,0,9926,0
842,176995,42.241635185425515,15,96299,1
339,134044,38.31785871989797,8,8969,0
528,49165,25.0526550508647,18,40733,0
847,87203,16.984090484024456,11,74855,1
522,24114,59.34197813855755,18,46743,0
305,56321,29.97008916578632,8,44876,0
621,93297,42.855082967913035,6,25323,1
767,116652,12.730413216809843,13,21428,1
374,119304,31.70743348126688,18,39578,0
303,176498,6.5145195928206014,18,91486,0
417,37772,32.80003148507475,1,69140,0
803,123754,58.02095739147363,8,88829,0
740,23712,26.131369214219013,12,11364,0
493,152439,7.144780691620137,14,40349,0
691,135142,6.702568500563894,2,5691,1
325,111736,26.33927179707782,10,71467,0
734,71924,13.801371505475672,13,50896,1
472,23726,6.284365298050226,7,62062,0
599,109152,46.59174876725972,17,84762,0
625,47723,30.218765488503987,18,18861,1
709,146969,20.908462458495997,15,93302,1
417,120494,54.50457506590644,1,68928,0
524,160180,11.387642811028908,7,88231,0
831,55643,57.57553559254256,5,46347,0
412,182396,22.268169455754403,11,8121,0
439,123896,53.86220197697747,14,88793,0
300,159999,38.16185820637038,7,33164,0
389,113680,50.46890478578181,3,30491,0
619,116546,59.12072397657553,14,64222,0
849,173515,20.862299080031015,19,28165,1
438,99973,57.86245169741761,16,8748,0
810,83449,26.42150421963312,12,31553,1
558,129834,26.203154760530726,17,65380,0
309,45537,23.72129073399781,1,49331,0
560,97576,34.777418404117185,12,44560,0
471,127522,13.47797737481679,12,58865,0
312,42612,35.454131694690616,14,51686,0
467,26471,34.79376468255022,19,80910,0
620,186703,46.90459969326785,9,9675,0
618,51348,50.85074790656721,2,71706,0
628,21177,29.224274267183322,18,82986,0
849,155832,21.628328714332156,2,81216,1
718,52779,19.263419352440195,13,15068,1
394,41636,15.704311018767957,7,59460,0
617,101889,8.170617020946368,3,51418,1
535,73551,23.834638835909235,19,31206,0
633,162628,19.86362306719308,10,5287,1
675,178670,58.152956222652406,10,27337,0
758,162635,35.673985443752414,10,25666,1
436,66819,24.100237146677916,1,6161,0
846,93770,36.92571805465328,16,95071,1
812,178038,12.655818574013253,8,43751,1
595,178059,29.42240620612116,1,87063,0
619,98714,39.44288767815851,14,94389,1
648,44596,31.889380748584827,15,19758,1
528,184246,27.097834035987834,3,70780,0
569,84106,59.6616613894834,7,8178,0
590,79182,53.41731191819098,8,36831,0
464,107163,39.287327698769204,4,7176,0
304,59310,36.31575486502555,15,38654,0
678,76088,39.136326390352124,12,31627,1
377,148803,16.07216593023383,6,57550,0
709,159978,26.732575879537524,19,49910,1
431,56914,7.1702743089994625,16,95417,0
341,130350,31.155032061775465,2,63251,0
388,65379,34.866352117671475,4,40422,0
701,188722,17.52623548567653,18,16984,1
595,197953,58.021586594103255,11,94312,0
594,66413,55.02000360154831,6,66386,0
825,157084,44.71787795007482,8,88291,1
721,27151,34.33626458209494,5,12135,0
322,77716,52.84830378062267,16,5320,0
442,113747,12.18587891029046,15,99171,0
444,187450,48.478038685118676,2,26684,0
524,193724,11.865144768176656,3,60913,0
802,164539,48.681586440217295,9,93774,0
403,182082,20.167216253824634,4,26889,0
338,141999,53.23998195600039,9,53899,0
497,134793,56.92231516039688,11,15770,0
690,128177,13.18377831728136,9,44321,1
478,32289,30.447158278596643,12,90962,0
747,196048,58.95430579894768,10,46777,0
799,194668,31.587408978523065,15,51250,1
314,174243,52.495113738299985,7,78034,0
588,106365,37.380233717222595,7,45130,0
777,134014,25.643144935578103,7,86931,1
530,195211,20.71809555392286,12,54346,0
719,199785,16.177270009734798,1,7537,0
456,180806,46.89890052577335,11,89762,0
849,92588,26.259727875266535,9,20216,1
740,83646,33.120150421041316,11,89149,1
396,23654,32.077901400065,10,8009,0
710,38743,36.75034660782222,14,94904,0
588,68368,52.606743009350375,15,34327,0
553,157513,58.94066389708862,16,19209,0
495,139735,27.41713147155993,1,53443,0
821,175683,50.513540715846666,17,20029,0
816,139891,47.04902870600947,11,72613,0
417,127971,36.54409233005653,18,84443,0
458,32149,57.58259289865632,17,61997,0
527,120102,16.026098354062153,16,67559,0
515,79189,11.009531567029178,5,69892,0
314,172747,51.96790818254822,14,75409,0
456,91031,29.153239914856158,2,13635,0
560,62668,51.583286981388326,5,38065,0
456,164745,54.11996128574782,2,38783,0
346,108204,8.435167649048928,0,39152,0
623,174741,53.59056196423334,12,63741,0
429,185140,29.65754804531822,13,56502,0
710,160507,33.07378689523277,12,34092,1
394,57384,39.46258811012656,3,22653,0
591,101929,55.95104337015477,6,45469,0
582,147959,6.051385193637022,9,91483,0
368,96153,31.22639075747994,6,64754,0
310,95388,42.824712333680836,14,34978,0
553,51401,44.74888267340256,14,92592,0
849,139503,43.08928373454094,3,99543,1
433,147834,12.393932117446703,5,48169,0
322,54084,21.466757360442468,19,53287,0
645,130641,24.72935389793574,4,59745,1
601,125111,49.244046422372776,19,10543,0
662,187523,20.331792982800415,11,61392,1
695,158299,16.588773012696173,0,26067,0
517,182982,57.65964104709529,7,56033,0
440,56041,5.48748068124079,0,50256,0
509,108920,59.880147062508804,4,95633,0
759,85681,42.22517143715676,5,74345,1
655,101571,50.56581146970144,2,27191,0
623,147556,21.204066799040625,14,91803,1
432,46160,5.787340271688299,4,77742,0
426,37633,45.582823520884155,13,91593,0
405,37014,50.87795283503717,17,33992,0
677,100532,45.726187257443556,15,86531,0
350,69104,12.856765801546123,5,53803,0
328,192693,46.4385357241333,13,68477,0
761,97231,47.29075301592025,7,18210,0
595,88388,41.21972836185302,6,88329,0
596,36014,47.13637630375724,7,31270,0
706,112578,51.52567918227527,12,67008,0
704,184827,38.74822628306021,5,10197,1
645,60390,9.873259268332347,17,12452,1
719,43711,31.8195295316966,1,46486,0
481,111658,9.270713406938278,7,19859,0
300,77993,27.414866706783695,10,32236,0
670,178285,27.39085690190952,0,36899,0
730,27421,8.630541427713286,5,37083,0
608,37727,24.185129368321363,15,72708,0
436,132418,11.104895433522316,19,21663,0
501,24358,49.45293655050722,11,98076,0
735,85108,57.122841428045895,10,24053,0
612,114018,8.977406139186623,9,16085,1
416,144457,57.531336401043575,2,35564,0
543,183189,33.74171296352098,12,94745,0
836,51910,21.476112287463064,2,64095,1
374,146888,9.227414140188994,14,74517,0
685,75754,32.534334743872975,15,26153,1
509,129847,48.69835494699118,12,10247,0
774,180443,43.8897562496684,16,15553,1
717,58467,7.762430630518557,2,25811,1
646,168697,9.009600945234693,19,11135,1
828,53893,27.15803054479504,10,10573,1
478,96329,21.24097717263688,18,84267,0
481,51007,17.78113776808263,10,12189,0
324,190604,20.455247439979246,15,85077,0
479,74253,49.19155088132865,2,48646,0
800,32323,56.107542949751966,5,81623,0
460,131335,27.280648199016152,13,58687,0
476,132356,54.83610511728734,17,73312,0
584,130944,22.68226356863351,16,32564,0
362,165282,31.20403424890854,3,33835,0
455,36456,17.431594879879984,14,66587,0
768,51367,40.226182319671416,10,12697,1
348,74624,58.84396133461449,2,85165,0
383,161178,38.19212028238582,2,78922,0
660,88008,24.679774626245187,15,22046,1
447,145926,40.62995952947906,4,62823,0
641,135395,11.760637315596316,9,78580,1
775,136492,53.87624941459693,18,58370,0
362,92240,32.669617292891004,3,14615,0
659,84315,29.714235812180313,18,10060,1
626,30756,37.222563364943554,10,81436,0
440,56378,39.36311245341714,1,65519,0
514,155327,8.947669342458216,9,76117,0
734,165556,42.54394716728713,10,66158,1
617,145703,18.306242417354127,19,39782,1
331,76549,44.267394787862436,15,90709,0
584,185575,50.23941369113082,18,83533,0
604,93794,49.21771791538862,10,63255,0
728,65113,35.3875532074339,13,77684,1
776,94069,33.609344077091315,1,61918,0
585,156321,12.858177873667644,4,89284,0
443,170273,47.64403827217246,4,84558,0
723,145541,19.927515924569292,18,90549,1
318,29686,32.31824825498706,11,86422,0
317,73363,20.63507511101342,17,30256,0
670,117543,12.360559964983123,3,35005,1
474,151733,39.62567332904551,16,11638,0
493,195915,7.988261915259711,9,42419,0
801,115673,46.175487876941,19,38377,0
412,62828,22.467273739361417,5,48116,0
413,68604,5.007408115246693,13,41634,0
521,30526,33.11210265804764,10,87291,0
563,88910,7.5768549690181715,10,28382,0
354,45592,20.189325680149473,17,61063,0
757,48982,43.88370681006439,17,27394,1
461,20207,8.447929189202622,10,72789,0
679,108733,51.16361707958013,11,5864,0
386,144982,5.210095746222071,4,45222,0
354,88619,18.575312806104623,8,18666,0
775,180400,45.74972308836393,8,25955,0
477,66479,22.394858235111872,9,86845,0
690,171175,10.604081343630744,18,74590,1
648,190963,24.812865534023533,0,71471,0
307,161826,19.871630751148906,6,93314,0
612,101437,51.34915461883052,3,48298,0
742,118540,22.234135467182874,0,68108,0
627,92982,48.391285947680394,14,53924,0
353,122747,54.05296796459041,7,21709,0
538,68231,28.859958076709123,11,14726,0
528,49301,55.046872911991564,17,65824,0
350,192395,25.752492967975606,14,45542,0
563,38752,58.02431290695595,16,25245,0
717,118452,9.91092384890651,13,39753,1
395,164467,42.78605965767835,13,84788,0
387,141237,32.15977222513108,17,26316,0
377,76273,26.320684300060588,19,89698,0
587,111878,39.79915333117305,17,20960,0
419,24895,43.71214003988822,15,35791,0
790,139968,5.239979830767,0,30216,0
751,135700,14.18241988109593,10,37467,1
799,96559,44.21753278488753,14,69427,1
464,30699,41.65119774680136,11,67047,0
481,29715,58.132612782077246,7,78290,0
768,39169,46.857078463793066,19,52014,0
306,138413,57.29249892522359,5,9078,0
629,167235,43.63972758441438,2,83389,1
450,139264,21.392871475169372,12,55519,0
384,25782,10.795070723797107,12,9042,0
446,144481,48.000312483971456,1,54052,0
680,55585,40.428207181175374,4,19389,1
847,50682,7.650230681631292,16,73111,1
584,198936,24.80277562455381,5,98715,0
381,149992,57.62398985163574,1,55733,0
813,104416,32.52206301406107,3,39754,1
822,147810,28.800102481083755,10,23624,1
685,58067,30.17347828376117,7,90886,0
770,193757,16.488549820284007,11,31681,1
418,38073,25.278894397563736,7,94524,0
695,56035,25.339729079294713,10,86006,0
831,110373,7.879526110310982,19,29704,1
560,103362,47.216219568485506,7,99913,0
555,110517,27.907743754713344,7,99108,0
525,85450,50.219893774903284,16,12493,0
352,30382,51.76914006159425,19,74639,0
799,155509,16.659673008426193,19,59383,1
805,81929,41.15444151935707,15,7994,1
663,118864,30.975499228963994,13,74280,1
579,163401,53.40862058568168,10,52234,0
457,45169,16.865737354704976,6,52291,0
358,107468,42.27972601705243,15,97868,0
427,54594,38.42636672389974,12,10594,0
414,65033,21.241581266450805,14,12371,0
508,83133,12.513049700814493,15,52315,0
825,93861,40.84018682625021,8,88564,1
820,51750,45.622860197278186,2,84526,0
536,60461,22.35950390698425,18,21626,0
580,98222,40.46579322122726,19,91005,0
658,132020,26.73219991863268,4,12130,1
500,44226,44.22637858054397,9,11828,0
577,26721,15.95684011917292,16,62514,0
534,40609,53.96182514498959,14,57664,0
793,150513,20.807527805606885,7,22883,1
303,124211,25.22822932658841,14,48059,0
741,199967,8.195057364419238,13,89078,1
328,156728,11.133171677670202,19,47932,0
408,144865,33.37240464917805,6,66269,0
374,94520,19.71759722003843,11,80986,0
445,84309,50.95141241582069,16,90959,0
427,49984,5.808136376022461,16,7035,0
341,138947,25.85017267695649,9,45745,0
655,25901,23.554005072300097,18,22241,0
340,182624,6.0630197004680575,13,57975,0
333,51055,11.840261945028061,10,28154,0
316,188757,27.75034712052494,1,30625,0
452,165788,32.10755214460956,17,49950,0
677,134099,27.2359360990178,6,61396,1
641,31138,34.201572312665164,11,18331,0
326,186370,37.73224211981248,1,68927,0
