StudyHours,Attendance,PreviousScore,SleepHours,Assignments,ScreenTime,FinalScore
6.243561663863074,84.90808570098726,50.18231108612408,6.59540892568109,55.70234102415436,8.447670298956726,68.29070376223315
14.310000289738827,76.80481831720601,69.8045521058097,6.395909388148655,54.81872794431999,7.8807501518924585,74.09768678514439
11.247915185359671,65.47638081431639,88.01202097320245,4.1282103290321785,94.3752748312622,6.1617605631001595,85.72161367130917
9.381218778758512,90.68975098534743,80.27236875252586,5.7062391381307815,54.972771990970365,9.604424292507398,71.20018662481931
3.1842609661941115,84.23655862769397,84.36086313237973,5.900978093929285,56.316983567717855,2.804270639755625,81.88282833567922
3.183923284706837,58.130846967244565,76.23308516908946,5.994113904484502,85.56389574507782,1.9833778927865926,74.1933283100609
1.8131705703547925,95.54635922469213,78.07521104848189,6.900861846136662,66.9843905470324,8.6856577025988,76.5012463651187
13.126466040849092,91.12686214615846,86.70576083609257,6.668012733634392,86.60263341731087,4.952348349703735,89.40856945329315
9.415610164404923,97.4899956645962,53.73174048725522,7.039525463967223,43.92196945386311,8.622719687863544,59.328029680855565
10.913016089144637,86.28597541941801,66.91837300037272,7.824416307710641,69.25427162040306,9.037811846758734,76.65593251472826
1.2881829201412343,80.6707597967895,52.16651930007812,8.064928693580468,42.016816010996955,1.562118342571643,56.080167205601114
14.57873793026792,70.91215181453094,94.32174043981558,7.590615381132472,43.75919220732127,8.951182866874547,70.93750334409748
12.654196971205904,96.63642416770065,91.92326368276373,8.777618479774674,94.38624720066466,5.0348714983248,87.53152304375196
3.972747549495866,93.30319447502042,42.16847462526783,4.091162913381808,48.354722267055706,5.59389240103809,65.6537868418473
3.5455495408994087,52.26093350530947,78.80663448836287,4.978889928417731,71.94524093651303,6.639332599838892,65.7710677985851
3.5676631379480734,51.3183487248626,90.88865745786163,4.0378143748907105,64.66573615604239,9.33744346057078,77.0849942702929
5.259391401433528,68.82316834390248,49.931643982003344,7.2373735707730145,60.84059957553056,1.1720448498678762,59.458941257841445
8.346590042851329,90.52766653909165,71.23698768039462,8.490152744749935,93.99000074123634,5.291591214860354,75.72436592856882
7.047230260989621,99.36380646574722,90.3518563673423,5.217411482881497,41.30940380652937,7.189498381875046,75.14995623937088
5.077207962772587,57.52084455517641,41.867028822218934,8.635172723981533,79.82738117053535,7.5043626192840565,63.89646781468569
9.565940526113312,79.70653576760675,78.3581146985762,4.301336951447804,97.80366605281303,7.232791883833972,82.29315803303831
2.9529140491285855,69.04454283155107,56.35419540549029,8.67218013402757,73.61009100771051,2.2099161646730967,63.89510282696445
5.090025079493055,98.49571989073016,90.84179074570918,5.7581134361981725,96.20934772198551,3.694560295345131,92.61696235857991
6.129065806111684,92.10594615678544,93.40820348409522,4.5071041422460825,43.13547275716142,4.228439728753122,81.93285654355464
7.384979779038503,91.91643523555689,91.93465690123887,6.429358795931629,65.12759914444968,8.239934869115544,88.5615349501451
11.99246345950219,73.43465798974852,66.08178191616051,5.28388283860254,55.60946745772307,3.508838851730977,75.55126186475906
3.7954329502170365,70.74097511688326,87.41234580441224,5.424364509809614,83.84925789884379,2.8963446748048285,78.66259895622133
8.199282137790561,63.670353596535314,86.45021691942887,5.536449824631433,98.8778254298348,9.617032171342865,75.46696089058341
9.293803964068594,52.81877483254635,57.55052602837906,8.015129489163318,55.39180374665487,1.07976956602122,58.8246912997183
1.6503057780799681,93.23611881275266,85.59035107828726,6.695806383376272,79.25047608844446,9.980387701137804,83.69485728188509
9.505627926620138,90.64505045650388,42.03541990935209,5.556538495780018,51.88585796558441,7.091391689716561,58.41189253258641
3.3873377316220816,99.98588366430653,72.79484331651292,7.051668916554592,73.9198152742966,8.456223695042054,75.25106296822781
1.9107223017939132,99.83184185369527,52.650486050823666,7.580753371115968,67.83594920130017,3.6515745671157385,72.5560013193587
14.284397521546666,77.77158528013138,46.63117871775033,5.363120003667669,98.32031977789222,1.1288374990035397,73.40527021679009
14.518848463043831,88.44937075902553,44.232426089606506,6.067745507626757,76.51163636178799,7.64082566705377,69.81964050107084
12.317562873630456,97.23828649412141,78.29588267329768,4.609430466684738,60.97038232520913,8.507301373006083,77.12942273049859
5.26459276842719,92.48236953387058,58.69312300724364,4.905746747673401,46.845747093276,7.664285187581672,65.65371355711093
2.367409596089374,62.36740508715988,79.86217243408188,7.4055892698249135,49.07480972409607,2.285652585707547,63.644270539391805
10.579262371170197,72.52720676550467,43.59459874394183,4.907191738478135,53.519015797074104,7.7808513003127215,62.54959159980085
7.162134912354418,56.45797075757475,57.340968580683565,6.625816918335301,55.05799968041788,7.920305038968769,63.50364959967136
2.7085352878269036,97.70255136293612,69.67202108064355,7.545231308612164,91.03696347046827,6.926864641030494,73.50767750847739
7.932476741557783,80.308731722544,83.48977406614299,4.534384615473719,73.6733672969515,7.895043395160275,75.23319468990192
1.4814392956130575,61.43214027517314,57.53138766126385,6.836561098144518,71.40345468246198,8.613292957099588,55.58546573112876
13.73048562910295,83.58503422029284,74.4240257040355,5.282813918506819,46.88613231215305,6.522437028137126,70.42651632606324
4.622919742400237,80.90641202289478,88.72877615299029,8.8146343761879,91.6083816009661,1.7974424257271115,85.80262748720651
10.275311980955747,67.90813590164203,73.87247535002675,6.4177282335996235,83.36885819250902,5.388650287004898,69.72307709829265
5.363955065251753,55.67787960998145,52.812771111449855,8.029962748875791,44.0601017140001,1.6988440120444457,51.78356989967524
8.280952296489351,83.57865977963998,41.34204298560959,6.751132710781309,82.47010583378612,4.667887279291877,62.97756838979784
8.653943910805914,76.01538504518966,87.85543806455115,4.217062664274096,72.61229304055877,4.663958402130649,81.26364699562569
3.5879623773573783,88.61591958678196,41.169817596771296,7.165756877970112,44.9035207448067,1.5940885972621741,60.01644640430745
14.57418478870382,76.00817505559966,88.10859199763097,8.757016711033284,67.49803849171938,4.139384805725314,79.01474854594866
11.851859527055604,92.609075015927,69.09154237149666,7.008059100731656,69.08177722780282,1.9989828891218335,79.82633846982903
14.152985181898648,77.59534193872427,91.64872341820929,8.09594429713395,49.94647240979654,8.274116890083,76.61884531115209
13.527582905987083,78.04689857676931,83.9330779675516,8.42103231674204,96.74188882001694,9.529192233680236,84.66904674579247
9.370599703355191,93.83268013291726,94.88637607933356,5.140398859744662,90.99852228883972,1.6508482773214475,100.0
13.906239290323636,70.17414331061985,59.28914984984406,5.060224199541134,80.1413402397465,9.596036865625313,76.2020334162754
2.2388950287268727,56.70076142253204,82.19535589121199,7.054904944254959,67.73773366003644,5.703189394030707,64.56582917178562
3.7437600738680326,51.43913381566695,62.106200248508316,6.055142349033524,64.70593249507051,3.696091101584865,64.85332922991365
1.633182044747533,87.75686278368096,66.39315911671498,8.199306514333601,79.05840802905725,1.6917586774854716,79.3428678378545
5.554624630685701,81.01547756767323,74.51280047701036,8.500115616990055,72.72591216441432,5.50561841263376,71.2839463238497
6.441482055652748,85.20398840496118,88.05224128024864,5.7671068965135905,43.73638635291314,8.150639900416738,79.01304057042033
4.798886444834543,60.64820807544554,94.12459080596123,5.18435279487241,70.75015892621991,7.363778295400284,83.1479640391916
12.60232512812701,56.818573779338486,82.25503776254851,7.9026275762193094,88.38421703397037,1.4520341031757638,74.22191110940362
5.99454657371025,50.7272332833941,62.977173019203356,5.37403017774068,67.55439265581748,1.6561165183111317,59.13844414456989
4.933083135623331,67.52937794032985,63.174635125238865,8.113071592568392,43.117394653256106,4.625859543693734,66.26292448330068
8.597745164215478,79.49588434273166,80.56702658738902,6.118691268243814,87.17669196304199,3.6576144464314897,83.37109360614178
2.972939149646677,69.61220225498661,53.13274301725663,7.337749496457352,52.08182692815846,3.0914589075044305,62.53650574847122
12.230757730556554,71.87374610118646,46.0760762222267,4.477676569173341,55.51725009328233,3.5290404901784225,62.75160243679841
2.0437090115167917,95.20793472468742,59.50421867024271,7.119296623382866,49.882381205937754,8.23134468967196,69.21450823341935
14.816417112407242,67.41277335116501,55.7981445409745,6.258838393686146,59.81290389228985,9.363052482686685,58.82904038333916
11.811426770153204,75.69947445799053,56.29694662507946,6.933042315877371,85.4050903413181,4.645924250748098,77.12387013895736
3.7820195414784137,89.18265063705715,52.848426307745044,4.840071038724317,71.16315157023624,9.154999019192473,73.01354351078476
1.0773096397304336,69.8271391160635,42.3151254299999,7.68436872472091,52.29287644904275,3.8934613112309377,54.476553031292184
12.416459998367678,81.10433501139367,40.98306641033776,8.313985387716142,92.66980468912246,5.287932877094125,69.9593041267293
10.89600281386664,93.11818543733726,94.32473143548174,5.083699000453878,92.77491129709175,3.0342609803439977,86.37190427160442
11.206100352573822,97.47603118288211,63.52752235547243,4.478572777600808,92.23470550276042,6.7642843795825955,83.8326958862402
11.79778485360324,57.3536740464519,61.137965593782496,4.118192930231682,54.32777268289236,9.81083003657328,63.70863301362181
2.036625124277265,96.32938125807472,77.38060054811885,7.20985750221633,67.07436065085929,6.431437864390408,78.39842889921327
6.018520199619816,74.6058146539769,52.00396383257853,7.0354701804439035,99.0993793684525,4.22032675702194,76.72968751434539
2.622166833351816,62.91221941494792,92.24786511726239,6.73348706357035,86.32074857859942,6.830357013914755,78.00613439491761
13.08344796225831,72.95678781191307,83.24897579285536,5.159735480579878,41.63004527353359,2.106286106188488,75.70919071290763
9.72617377558581,99.00162876427385,44.91760512717427,5.954529979527573,43.91227547562952,8.997931722388588,59.5138335448745
5.632572347937089,74.63090469964348,62.96694266817106,6.972381675930865,67.83588260873996,5.527755557018527,68.78061140246442
1.8898169040043309,66.43758051437541,88.35150691591906,6.483834294295847,94.55321235169362,5.0441476783567785,80.05382369874394
5.353752504019271,81.67004271583629,91.96026122602757,8.938927601074436,72.32210787716285,6.272783096081673,83.69637298406647
5.552566508374459,62.00728093890965,65.70708311874284,4.682198762783665,69.86875048205741,6.623054765104622,64.73408851626235
11.214486496732897,53.7931664054332,73.73762640658893,7.475722770237969,46.32842199739783,1.6459822560386173,64.85710798046951
9.925804598972984,56.44398609553246,49.18686703506414,6.021593840521461,79.40680628345764,7.143554991010622,65.73022082021694
13.420978396068572,56.40229194788862,94.51427443753371,6.140998074628074,89.32618963601354,3.177385122839766,81.48959014596196
7.61100895226729,57.595134675614716,52.74194357608938,7.587988828290881,62.825200450453735,7.4255736925593085,52.78546947111073
2.674319443136224,56.94135863247051,91.8502475774319,7.462180756621848,86.53671105551965,8.40281314945777,85.06071923733111
10.98542702112193,82.04373724016074,75.73056569458026,8.956279968510941,97.8685992340487,8.235626567972684,89.55665560676894
11.650990680636564,59.09400421995724,73.42552371833725,4.641971447270626,52.22598754766135,5.972508706671002,61.19113937088018
8.857880765972947,67.28336416619317,68.19786810590797,4.520548246920832,71.39977787168448,5.68152903079676,73.22314856891909
11.793540519363853,94.8394204953006,52.68683964447673,7.621694085643705,57.22827748507453,2.2858836520547055,68.7902339981511
7.91313834910147,73.69808201314362,49.70904176030295,6.891934585032045,87.57126514203037,7.978115353628221,69.21508628460377
8.318259611347916,83.37788692605136,52.126741498859644,5.37080333279903,74.65560195286946,3.4426844240204293,70.94355912527527
6.985574257019695,58.61599356008149,50.254104417934,4.397096844944933,78.07494505301823,5.470258805361519,61.01446904255382
1.3558677744173326,59.61445094043354,82.87714604617143,4.428291247982153,87.87484957695364,3.5584668363476504,71.91239723764338
2.5104799779062623,52.043430813323944,59.256889254170154,8.470954373320591,63.75822835974729,2.2044552669972384,57.50856270098477
1.4400085996142795,58.44675315360823,43.1813472109868,4.959336623593715,94.90540410442259,6.666019272025629,57.03623417329314
9.909745757692926,63.92951695159793,93.30064465774461,5.616857810577604,71.9817320347684,1.4889883134061344,76.7699030198383
5.400983735068573,58.85052421383734,88.60822367298842,5.1332820111349395,49.47728937012088,7.7378071071358,69.20646166642973
8.119989676305838,54.43512668785278,91.02637557573672,5.774981529159687,81.75394709012815,3.85828115735005,74.89988186142139
13.705930634965302,56.03179355503004,94.71993024555394,4.347119213730467,87.59568102629527,1.001212237040368,86.18104113160408
4.490091208084249,73.03893840163629,49.5642387070718,6.595298954541352,59.0057006240516,5.6001622531350685,67.46192078151007
6.745360922498817,60.31668592028963,61.79331103964623,4.338062817961075,91.43075541992518,1.4216671767484281,67.98820525976353
11.577715939602681,68.21349305240378,81.70311616372501,8.001782539111808,94.36859528594599,3.4855260203880953,83.47645761097947
4.2031743168827145,75.17086354274284,78.28113399295857,5.168560409552165,56.614269242668534,7.362788387101445,73.38278495950323
2.077718737603102,84.51974143146826,48.46427484869203,6.700059573022553,99.01128836291332,1.5642065945967927,74.48221901024395
5.056520340792752,51.965606992054944,84.87082187448398,8.40039543780729,48.442691682925506,8.554046431204021,66.58082297846201
3.257098021556062,89.97051994545214,52.344231451016334,7.25438684523597,52.1209401041494,1.034379303927248,69.06815514250472
14.015767132796023,81.39501947454539,52.30996881524427,6.664788932756677,51.053490354281564,3.2214148228171204,68.3049212806205
12.313685313901837,54.08795159744359,69.53359325913775,5.621668765576878,93.63938260047223,7.668136505368643,67.53300912577191
9.867652591145928,93.67893120533887,72.61169641629368,5.6650095652909895,79.2575531394977,3.846431347563761,85.35452468877195
13.200448262628047,96.04362002659066,71.90474143107961,7.34743477599095,49.12625699333637,1.9170314925941216,81.08083143935326
12.251409076587603,53.05389799274319,45.03177605687652,8.970696806105838,66.41940510210094,4.242105269203851,55.46935314277909
3.611980824404502,63.843882407360184,88.26034744467091,7.309195949246893,76.91788150418813,3.4335395774607296,77.47614370526755
13.495825978859688,90.31006398965306,54.60800234237883,6.788917086850125,45.007845099362996,8.584407119444993,69.83098935232421
8.55079138681911,87.41298451918291,47.12332067055423,7.65325255119623,92.94498210444033,3.8201312582662883,72.27555929103058
12.304162172296875,59.226050967818864,88.88114439279374,6.32602806141859,88.21621212649211,8.100392245984064,84.9966744687438
13.545278198928905,60.467466166835514,92.56083240263644,4.300711713003926,70.31240641459829,9.026849303296613,88.29381434522739
5.452048649606095,68.5236051395691,87.4170189495998,6.811484079389549,98.02759691555022,4.904356776188766,79.61112197890719
2.5407269433874746,74.22614925955106,84.52338410986829,8.7881264225269,65.06565875650598,9.189488294689529,68.85809568417909
4.191092275587184,80.9127385765148,76.0383089351462,4.876514711788298,99.04661914218987,4.395862485668736,82.95842108875016
6.979509040767589,68.44568197848862,70.29715538350266,7.450024454103328,80.07519992821761,9.676705748410974,75.3371390938942
12.452206722914903,73.1267358066574,44.78427179512756,5.004668443295282,78.0802763952365,1.8036057207301563,65.52598930966738
13.050228165588809,87.37354690668784,62.46492671888843,6.679138422365407,49.9572937177471,7.183173398529185,76.5187686005207
1.0973298274366698,51.834160144529896,60.49786843567727,4.483382248233598,92.91566549827864,5.444326364112358,59.60801737409385
8.15046223608592,62.62184721720104,54.28645810681794,6.251854681290926,65.6493812752369,4.488839249100824,65.81436534304643
6.843754044082906,85.66747929422762,79.78810625287217,7.78081664447623,49.734004346948765,6.694406908737408,71.95285434983127
4.109509346590223,94.76034188435997,67.2731654293324,5.737857621194911,40.75645119854554,7.334713824708981,76.41134997619507
2.678115142671559,75.58387210578331,44.457541874920636,7.32455862243609,73.58534101830296,1.0392694268527818,72.04976787291861
5.726612399650792,76.60567426326578,52.11007610723962,7.977249803948646,71.64397732736057,2.5025777987247886,63.68795348355407
14.200735854775267,55.358600566988805,77.57923200127777,8.635889097397264,83.16121734214951,7.417414455708868,72.761009025261
5.524841048290574,72.37061834117273,44.18719727196651,5.173210409277267,93.41548318106813,6.997468722203858,69.76444653198978
8.263068704407125,76.63086332275115,86.81638027268228,5.996579579046541,44.76439507858177,9.694427546158096,71.56538828320865
10.84226542453249,62.12352518173648,67.2330589857686,4.7620800666520875,83.88978942042175,7.849340112257047,71.20876603180459
6.090814433310116,63.46216154746905,66.43226175296564,8.962417510791877,51.244716645854936,9.556954369582042,63.32359918122003
14.604949158093449,68.86420815523113,72.58242815627347,8.635004839621477,91.49062318942984,7.322864513813263,70.55845092386733
14.474262129189558,51.003559888886315,85.35745312588321,6.699785651402798,89.14381083169937,3.6824698777549885,78.69144046998598
4.524952141555098,66.10395827915892,59.129506434620616,8.210166471882106,72.44762529913265,1.9482843002577082,63.77953526433831
7.961479082493396,60.572400349827234,77.29088839074849,6.60478988636021,82.61456791739869,8.03641477010442,71.70514243085111
5.2122963374347755,66.37486760889573,71.1152580197685,7.117928440013799,58.861006791024906,6.797342993283243,73.62629091044948
4.987766921284546,55.98810659096256,54.68655485931817,4.445622160580083,68.27007393596888,1.433674111539666,55.69940644075517
1.5164172629634591,94.52636403699475,88.32464924953369,7.77635210248404,89.2982138626283,4.240454193108805,90.98002470886166
9.533900675718556,79.67962267770244,83.85843118838105,4.638567418176174,67.55591183039283,9.611198339358575,76.85069389289603
8.03750632520406,83.95511595722448,76.2148509062134,8.130338151262642,61.46789591952651,5.503610311391811,74.77318000004067
1.720702517499851,89.45856193036691,86.78199510018331,7.910140438351929,69.652746835018,4.894562224177342,84.65672090415435
4.90105049931256,74.92210994645286,87.70118105278914,7.543723488714882,89.6949551462331,5.119296446433646,84.38660241649465
13.715722403533151,54.34601440437118,78.95996371932691,4.180801902623811,60.11248284225236,2.8799445160464736,72.97057814245176
4.353866469337614,76.85532709092739,86.03573306000196,5.515641779726643,50.42569558814463,4.318364537783157,78.20067117387671
3.0285282092771233,79.34205590104395,78.3609303918106,5.315562849554214,82.72084121984685,4.328319303884589,76.8739356190951
7.852338643885882,87.2719737092165,77.40774244681651,5.800682037357595,89.55869276248491,1.4711951816872517,81.16070924399254
14.79910635754841,71.58297731148397,74.02362580183514,4.438213733819193,46.038248711412,7.908108656661264,64.90245036022553
4.388773801161006,56.37901513977819,81.39941517567027,8.684789115155315,54.39244676535668,4.7485398871349105,64.5109387880498
10.4098976636823,64.18879528993622,48.72328079111905,6.769011203561881,48.51831938565964,8.39961898134781,70.13590130631704
11.662674614602047,68.15411481993175,88.44789175594107,5.527621553290118,60.87648469493,8.653132010079059,81.63582588414772
4.326925615893595,82.29586206658007,87.95139402598775,5.984907585371417,67.02105873432475,2.9079464922879223,74.34547317159543
11.195028880566035,78.53891523344559,41.608600566900755,6.236012702524178,84.92958021779839,6.916181339531157,61.254434300790564
6.148963858069545,67.80483629489231,85.41992128106195,7.002971666803086,79.06885509290045,5.250536237466836,80.22394269757812
9.852281628310113,99.32576243964898,47.087842711039485,6.578397138482488,77.25571404870587,8.921410641293367,74.49552669257625
9.869415950652526,80.28874096784436,58.4315369842528,8.596959866072087,61.142496796579266,2.941666112588087,71.80421979130601
8.500845577046618,61.86133958679972,80.89295409603844,6.484817414529151,90.4868531850856,7.100318802790398,76.48370428876913
2.2640567807617162,55.089123631020186,48.84179428265695,8.960790074116563,68.27723004388987,6.469769100274503,56.89178078187457
12.694234938249332,57.642956959216605,84.98818632654843,8.257124788725479,98.74629628090926,3.6577132981464953,83.5575871056721
5.490920909604302,62.29788641922541,85.76737978767581,5.042552571786679,78.04852829774421,2.2294081328605535,77.07095483293462
3.611259145597959,58.03406866297779,67.91072535684599,8.65297607321958,47.57588449387016,6.8647578442954895,51.698767466269004
1.5708519817666948,59.32835120256529,40.35122294442585,4.58183198942738,80.57065372452604,7.647377123190976,55.8470918629518
9.272501204635386,64.25475843469235,55.787097324620206,8.087248542455958,59.506240925901935,3.84064609387015,59.64800048643153
10.485901065791953,58.66867976473774,73.93098051066582,5.9031164673829,81.17963180116584,6.803493436200824,73.46234147337894
1.2322296049899861,94.83827123132126,93.96523979150828,8.389871602225348,44.178468889744344,4.556178168503529,92.7662375060029
8.169302816189933,54.01168728308211,74.74974398591675,8.340283450537251,50.49288623055756,7.41886194954356,66.25495333695085
4.170940852771132,76.22556947851274,54.28919695852879,8.029627000588107,91.34423553434718,2.792937474046478,70.03980815563239
10.032419065732299,70.51984134948307,74.87031367047862,7.950152181535307,53.63077342141089,9.01193502372557,73.99760827279032
3.44113000606988,99.11893084543033,69.69919588437205,5.523395695490204,90.22246751457641,3.5866863681902177,84.37590280546473
10.673128333434523,55.60194510840262,82.89149673331289,4.404596415256261,56.75656530726462,4.310073889805376,72.1652343071638
6.414294848207524,69.89277995228709,45.883935135482716,6.014900893825807,78.57291460352246,1.522827568723148,67.05614962191063
14.114219842314283,98.47352166376845,81.85653463761153,4.867622574932543,81.64903441058986,2.0036099108914875,97.38950746362293
2.9252932180439055,93.27535629469901,69.76966182718607,7.474755444512309,70.75928518870317,5.642757124410953,71.40339538693523
5.774928914703619,90.85360354746399,92.9645602122447,5.730498632688928,58.31864060180388,3.4083340905517434,84.83473671360797
2.588629297368247,62.895141352246995,58.802969132127735,8.878051004299575,52.75866258226577,8.51932203167975,55.60656847000601
13.945710655899878,58.54437936950329,74.79420412236715,7.20486038672666,41.991361273745575,1.1322404978945846,69.5049425901454
13.282750947333735,83.43216099622154,91.26154580305096,8.112402818171805,58.23678407444343,4.411846438047426,78.77896754001665
4.6111827880121785,96.46879945637929,45.63803503948736,4.662623363709242,79.18976743187699,4.0361099209218345,68.49582350540477
10.239776644478507,77.83814465069649,91.54756679800482,8.310072411363112,96.29828910690895,1.1739486782584092,88.00296272976485
12.441110802817022,78.580634473495,77.83371472654474,8.613785952566971,92.27226893578313,2.119315591004592,88.19780225413126
8.772811362392472,63.998954683014205,43.73103825078446,6.435309594094679,85.96388659211816,4.722784074267717,67.7321510508846
8.415108096984092,88.47464665959684,56.55299618207489,7.031264688754887,87.30684059519791,5.43578126002702,69.94651656830955
4.385932072606323,59.35218742787617,78.94946487549049,7.824049004514977,79.89909420855972,4.638607725293822,73.5497714993829
2.3034387492825887,66.18396182021218,43.704283080782446,4.874193136302063,55.61721145396018,5.778439105708845,52.20498064586012
13.561020611346574,71.27182193082083,72.01937530969502,6.512830382317212,94.43170184234978,6.356185074151134,74.00111483017272
13.605852800286627,75.38051893422275,59.02356813241262,5.993315138861566,80.24393871435004,1.0893143901505207,72.70556458666812
9.863420401825751,62.12048662075401,74.15035347721124,4.731869960811245,73.62643785882639,5.176856435081535,70.72634786962202
5.746417074681809,55.74184123696018,42.515811859688206,5.837672111457657,46.65936815280887,9.671493167988295,60.94833224225479
5.888934044577253,80.53100212208163,87.9345243383807,4.340861546927468,66.82333262838553,5.671290521165939,81.14438816194794
11.163379504183352,64.43152766201278,93.54189330475683,4.129059534747435,67.62149627211558,7.097880407130579,72.66594925799447
13.559543639336079,79.06191107113061,93.28828204071303,4.675831445774114,91.87381657136021,3.8067747212519487,86.79333262840913
13.419209939711642,57.718135763710116,81.23085074586086,8.81557555794587,72.79889321126731,7.965922403374863,78.96086220874614
11.918257642006735,74.05700509274087,47.15474320718476,6.747647679475085,62.824032938224576,7.956293336885036,72.15290410098154
9.988443046160029,76.62947162757929,81.70447577609625,8.8291108057661,98.60801971063955,5.69166442888725,77.9425671197652
2.177959509930684,52.591176841121346,41.35228040523408,6.162489391650659,46.643235599578944,9.784124409512922,40.0
3.2628019973245928,66.83021390969603,41.21679533409485,5.559080665426298,65.35290569871668,2.1299519328638805,65.84897332578744
13.57975863937911,56.72073384694871,57.79856205322477,6.5307093142012205,42.52148051028432,1.152528984006229,61.78270243986728
9.49000683523426,53.168748523638385,66.87537547225662,6.197558443164551,84.39424724601582,7.931423905813864,65.00972026539209
1.128758722632815,99.49801161949726,82.37240797942863,4.52832342130872,95.08459313194903,8.264399836283943,88.60673936576615
2.4206016001244492,66.11769224873615,77.58124571335779,7.204131573451031,56.80223977302937,2.0818650620851864,58.11928669299465
10.289024767512782,90.49372229273175,64.52464885072116,5.080190912547998,91.50050060794726,3.390245496627455,80.50036503183412
1.0708621738470616,62.732032738188195,55.04946664549162,7.097939774489148,57.53309382771387,1.1579712702996603,61.3814892943231
3.2513127198449814,84.07513611119646,94.8418475086741,7.251005461990767,94.64620969863492,3.639777497025082,92.8564013445476
8.682273051132206,88.01139299448432,63.43997162297851,4.76012426564324,85.23771421580705,7.958276865268044,72.14482097954868
10.686532767697706,79.78193703039221,64.82628633813215,4.306748135553341,88.29440661048632,5.6616447494132105,76.91154570545149
10.127457633036407,73.57880942750792,48.99931016554181,7.903807930342199,41.08039333602727,4.132860338514593,55.499629750426976
4.139770332447837,70.59204570736343,83.71452518124612,6.299002118846601,97.76862142444156,4.345653654156973,82.8133591750577
10.970509098865502,67.44341332714977,78.15252241798188,4.290818977527379,83.6002595242194,1.0121826314392135,74.46829611740193
4.3214872249552005,96.4764572123913,52.14232870338182,8.974331585848836,58.285065723168,3.698204748087123,67.16372463899347
5.555595774229748,91.53097038938645,44.530957508871346,4.288902804981833,89.76367989153081,6.8181286747413745,66.18237128847811
11.450879671652338,98.25134553332563,77.42746161410922,7.475176144292766,56.891271904895795,9.767749994347215,82.17555179671686
10.094860586661005,56.21486117427724,75.99811678546243,8.918394626317067,92.36523037396768,8.623547442855095,78.89722456768831
12.889127746918492,86.54337376018222,55.029273984901515,5.195900521079628,46.75482342471622,1.2123546818097621,66.53506066278906
10.206580492204807,96.91702284105189,92.29749592377257,4.711246843435981,82.22115864764774,9.087045442073554,89.52835924064506
8.956320446696603,59.061653308283006,48.30818404794951,4.606924697112144,72.44190859869462,8.048785719687633,54.078681262982066
2.3114467495932947,53.32481336833887,63.778414057343106,5.516375737837977,45.792068211726445,8.023385112138824,55.57870495565047
6.148021242832069,87.05603246450295,91.89887560921794,4.505229055053233,54.51362969553034,5.121961831032143,79.89240673528913
4.712833147544156,78.7236556589956,63.085002430936726,7.46080670847066,40.744242176638885,4.582047636590525,75.46250917030446
4.4158550073071705,92.0914388379136,75.1189271215247,4.311458990650314,68.12607792787034,3.7262415594987335,72.99723146867694
14.622147766534239,56.988618831314476,61.86769188795368,6.547110640748949,58.07591564560002,1.591253730589292,71.60398564745583
6.503368145334646,89.76336559299452,55.08183612917685,8.983484269264885,75.90144905786553,3.0541182714432917,77.1471436571002
13.488651772479585,60.08136600238723,94.11877063779056,8.069851347530093,57.83426846251703,3.2194327148022217,78.96510035649116
9.83594076396168,58.18279714328523,62.51337034732737,7.076097191155054,57.99514669041908,5.356693627391814,71.14836006714822
12.127358249583079,58.21328989654965,89.1754562023524,5.5312681039330585,84.5915919238962,7.726999659370246,80.9335806194655
8.03691930347269,90.72873601156911,52.64750332400974,7.119479181458193,42.88857015870121,5.26428845558152,66.48887601373684
9.076654384769027,83.25986103481,51.72075872137958,6.635207319558258,94.17369971151923,1.5206000450244455,74.32670084856247
7.895247713464094,76.15327123845597,41.71237455864812,6.130416919451857,91.13583246347089,9.620108208893836,71.28119853625114
3.7334018291726228,67.94152420617513,75.84167539567368,4.653551883700997,80.06828099358438,9.48451887184701,77.44382610396542
11.114329613661074,93.86002704065541,60.26894890480686,8.433021076202333,75.59329420644306,8.066705888335676,73.47382777407107
4.930813074171981,69.62225537113177,87.53970374118003,6.248923244106613,93.53814988837914,9.921951114077984,75.35280907603558
1.3404235300403538,90.82997197357886,66.02654486803564,4.973112559103825,51.11981077172287,5.900340995202367,68.13249050720873
10.03661214270035,71.95674542851091,93.25063853530969,5.838796754386448,44.73814973144972,9.664915152278855,71.50177436397388
3.479549511698685,68.84722147124538,50.203903363671664,6.070648762644636,54.370610194572286,1.680445365550757,59.33603434592001
14.1664201809408,73.13398928348032,87.77427423755859,8.137689477834371,87.67469672201142,4.291126734352342,90.62556432987208
14.355000078036223,65.0688937082071,82.71282690354579,7.668071902807011,42.080216003589,3.0284314120608924,69.7009765005844
13.80810146308628,87.38046900881255,82.40070145542286,7.846524468206699,74.96841010500938,2.7624977572084304,84.35594700538797
6.182221803576222,75.13601950462396,86.46307754642882,4.055156322143236,99.7262509714786,2.267226540034085,85.38701446208188
1.216392631404144,61.61063475734086,81.85631950186493,6.0807699908988075,91.34176563025237,6.60172277409397,79.4026363200835
13.996459876228155,94.97872866372842,74.44211768972784,6.406720758176618,71.28674134261537,8.031896701725746,71.81873220459259
6.994578076442401,69.19456106866056,47.21846827253132,4.0959613841152835,43.81845455719854,6.204685594783246,53.53891793935965
14.533167466611374,77.17764305569943,41.78893987201886,5.299066043725171,89.88241086314258,2.322664386293887,70.5379399632929
14.49067967924954,95.32360554822735,90.64663162986278,7.801449115610675,75.93871049063263,8.300113929401238,94.17753159865634
12.942132376543041,81.21189979569961,73.91576729864059,4.685548528644995,46.89597982357401,6.723592364473556,69.8852483958011
5.122284488974199,55.8449020354182,83.8095510036897,6.6765506572629585,45.63143708940137,4.493491355142959,58.83306244719039
6.391368200426953,96.99160618067376,66.48372933319025,5.0760093600861875,94.57760916619554,7.067172659824567,84.25081380625927
12.915913401235997,81.38540265357089,46.45195039293169,4.060603873219466,80.15201577628471,3.3391448131854955,66.74735015049413
5.4369080721878875,66.7452807328543,46.88521857114027,5.206007287997707,89.75720795900534,4.106729876447894,60.259206379233134
3.372898453605295,56.96360363316936,77.70609079759342,8.879368774550269,92.73873401693604,9.257372588187913,71.12786260909914
8.795217674416902,89.7012594635148,63.66682421947045,8.007685559414949,74.30634112289934,3.6145405510427837,75.39734034642152
14.106166838250934,81.00363779642568,51.02885996851852,8.797883221605167,71.04678110530247,5.229894413421429,67.28256424334181
10.744417153449621,76.67305459881608,67.03770007077902,6.439270219631812,65.8256446192594,9.011270236564132,61.853527693353
8.98085638125111,94.69462915254789,43.531491539132375,4.548680993387517,59.01679526746716,7.369492152407747,69.21612801814045
2.3604709127907597,89.42986056122655,72.00842710529193,6.739797444868465,66.07575765152271,1.5598290354823248,81.13612482208941
9.610101173788376,57.58374398663756,54.794637243930374,6.271886672799805,86.43277934380939,2.325727398510733,69.88475079924828
14.860753901459686,65.5861033897774,83.86575053504535,8.221785413698079,76.11540586090788,1.0705743169472512,75.34416098429189
2.9611762133113366,62.424456990723286,57.06990774079656,4.490412903921223,93.55139739729077,6.678296112062471,66.53390578105775
8.256615133092314,87.19731462863385,65.03710819949907,6.441205685108891,66.60280086275127,5.029060828693765,73.61708966596564
13.283223006991376,51.67662173678897,40.63912969494554,4.750243323469921,76.42537472312524,2.2084736581204796,61.54969937998434
11.370760648558862,78.49448424356582,43.98457882870074,5.6233796344503,77.87845318551932,9.621407089510933,68.56383122487331
10.758220373933751,88.12293428703452,61.58714560236767,7.686785386938999,75.50182973837954,5.766937515510579,72.1998673333071
10.83477717581953,93.83828183808748,66.3966359094418,6.380090646843833,82.15802638513098,3.1770396470160027,80.86477066945122
6.032876117076572,67.10408743579538,73.0011301465617,5.879441425728847,54.246008102488375,5.505432140392368,69.63734218391204
5.1102858197029075,91.06286523360063,56.041441829011674,5.972381392850177,70.74182665274743,7.11658299461597,76.91320742991194
12.33105617669919,55.53158684776036,78.22400373695984,6.297233842029933,46.25348816850086,1.6861529617620803,70.75771923998575
12.34158752550853,92.3226145867259,87.30673184540626,7.925082719185284,63.07067965868875,3.472334335431028,87.93948779448948
13.139012460121451,56.37443311659912,82.89180438913424,8.460423444701172,69.26002411727586,8.262689417955944,74.21655790865995
13.785367735790597,69.86436452801837,42.17903539415964,8.77667343251964,79.13345557272835,5.136983833623951,71.27989621750048
8.158793584053129,89.86476828897767,66.4278820991806,7.934516931276475,97.0318631551722,5.919194278290654,83.21614895090366
8.021228125620794,57.49587136743869,45.77115981299962,5.577034478740064,76.03906399290136,4.895344019885224,56.53807331556516
12.176132505534852,61.462569761632075,53.31247587243901,7.4406735304327105,84.61563497059359,1.395099483787046,74.43203004329
10.099495030888711,86.1126284196533,94.26644262969305,6.18801562027696,70.37596356971217,2.4917480183814034,89.27669131626851
10.827536281607847,86.00182682730372,47.837254859583226,5.273353110230255,78.04624188257988,5.009874748677018,68.04749658365577
12.141097372105415,82.05738164426486,67.43884843982458,8.204357897129613,44.25593296802641,2.8826691886713505,68.2947024593289
13.460074785445928,84.697422223355,73.99856538749654,4.192131744811625,55.26349485051082,1.4498112579371085,77.27068379635622
5.731932195921502,77.13622216737981,78.63557337992572,8.508809960677118,61.711185592308325,8.592846976466413,75.75255876964457
6.258161336959216,62.58995294534763,70.78067759178028,6.30738732312367,68.34960130039082,9.830732762477043,68.71392503195179
2.315747157772166,67.28479967519597,40.537396608055104,7.186007384041402,42.738924730143026,8.138285865970655,52.80020458852928
9.095921973946435,59.079885840071285,57.95537195341956,7.296769611028914,48.401445853199064,8.684064295342004,66.43685069408048
1.5031918331543892,95.42252806668142,68.47414038615912,8.475588703532683,56.60885846747834,3.1777941728534085,78.16001311284086
7.518372253854443,79.16958973830603,44.83265745296583,7.183348410836037,98.29196145406304,9.645642779618798,70.40474805959168
8.597024885906073,70.042570838182,59.28448121650494,7.069667923800309,59.88082042618305,2.7723313400808554,70.16594603028591
5.011577529795982,73.10029018220663,41.82617098352516,4.33326020280345,68.92246348672495,9.562868293256491,54.80394338494014
9.27166564796615,97.36416698059077,44.32181734352614,6.59204010972602,51.76586276430358,9.95337364569356,66.39084176389915
1.427003499146692,57.66757015580401,61.83078019108778,4.750845004085209,76.64680426454609,7.405505251714438,71.45407924781472
1.5228746424890018,79.31149160083986,47.29936647236832,7.687168843607428,56.84099293095846,9.830293586126396,58.79909427580641
12.516407849235215,75.2944339442233,71.21474665438569,6.561109604063372,52.419554706305604,6.125858016103933,67.22781889611849
6.04266897975768,80.57271177173239,77.92057330254961,7.401138896041767,70.99435770675875,3.335876048584813,74.65815215939509
2.778847177126387,50.90550919104203,84.03226845099957,4.208364503011921,40.33034794962525,4.932962970990587,58.58495204599627
8.311405640767262,93.60619544720757,51.008263433464556,4.423960080229016,40.45984195895352,6.342048418409074,60.49206900246668
11.779909743380552,96.60591412418063,49.211542024248836,7.5816169403134115,53.14412854611147,1.6577340582431348,67.77217761000333
4.021494384955805,78.25665917946044,45.751231218392014,4.360421679993367,42.20328175004927,6.601089381555215,50.63586779693928
9.720466661466004,84.8325411938446,75.00366372490001,4.356283638826293,46.48154524784148,9.83060053086065,71.6023321780692
2.194864509912752,96.12496905886479,78.85616495677957,4.060542376174437,60.331638960325094,2.7109688480535485,81.94254334673428
1.7235440963605078,85.36193171566993,41.737237965410316,8.7825069914974,88.15514077478878,8.13335604659545,62.708936436152555
8.438964841954071,57.62695214571307,91.49167354340294,7.687541797295035,74.32291860215804,9.171089144016575,83.22238394894822
8.568891702541492,78.81441800834065,42.85842060083098,5.766257042510321,70.76006355738498,9.493314335381987,65.16205553254457
9.924018620974891,80.3357523191428,69.77129844155888,5.482677906438276,57.6093293924873,9.641220439649025,75.47348090812676
11.165278672117262,71.2065335651193,78.9983285698004,5.748516148729248,95.90522316596898,5.693136748493248,78.76011634799525
14.661929112475484,86.82221178123615,87.9033018060347,7.873267655905909,63.8209024742315,9.795771171923533,86.50763567596672
8.228204876216735,96.71835073845074,79.27478126728353,7.306853055352072,45.22556600774629,7.81579186420995,71.79902962654393
5.521390621177444,96.27842564533881,84.09504456883855,4.92597783933734,77.02399096706807,2.455042926132657,88.76564972177678
12.132606726761852,72.5419685702066,58.669760589854334,4.870546676670422,46.83030360859608,5.29210095821173,64.73068812911755
4.791651517669039,55.661902292037766,84.81538125605817,4.491978248566987,60.71338856810152,7.464980578348036,71.76714602269102
7.1455998898789055,99.24205994811672,44.40631655115713,7.301513598506691,70.44471632306853,3.22606284237175,65.05102394585748
2.0983893387917236,91.94490432229671,89.21491608332903,7.82186331110868,92.45335148111054,6.765536651939986,83.59938713796387
1.3549104078164051,56.233134060163344,70.11758068845549,5.32523214162502,69.61279482040712,6.999404311419573,67.61541289210535
14.47707780549095,96.04209413086862,84.95137734793715,4.104724805154564,82.13552596189986,2.464297694277093,84.96767566925193
12.703721687170882,93.49481810310641,64.87750564850651,4.410858337382137,99.56901033994421,6.085767812074806,85.2472794575696
10.743638885311771,75.94190285630361,75.39677323580887,8.839300174225151,47.8893471938789,7.944642198807469,65.17017579074876
6.725341221799779,79.56377178724647,68.95214635148622,5.477223887387101,56.48389153117117,5.490060980823477,73.7899982935051
3.426120480991841,69.95013519350651,80.23742369654326,7.846115739190668,63.674564535858785,1.1089280509849668,68.30633757926626
3.1901185973952044,52.73808194110157,44.489649011682424,7.123317844271319,65.30969071232988,1.0813462217136296,58.06070622150045
4.503400574304335,66.75986208229504,43.31936461948101,5.909698198264479,64.66126451593274,4.21326409573011,61.12192100005761
8.689173305885687,90.14267242990057,53.59067787055805,5.028436310977776,94.4566601533933,9.335746615886038,72.10681266457979
11.004342917800873,50.23160115023014,48.774957406225354,4.606932090797033,82.84195866801139,3.058091016432479,64.59198069661875
10.242763274048238,66.6749585845572,87.94809616257109,7.075064840194333,76.47431284544223,6.709273199845184,80.37995424284674
4.919074557243199,69.90843467954717,52.05676930469244,7.87316890318894,58.562363071766924,2.998682836239885,59.64750521948275
14.368113929284718,76.86978014689615,93.67258907005223,7.2195212677056535,89.42742305327768,3.8950299069359375,84.56448596814967
11.33055683374076,95.99278082063802,58.52926854741088,6.651510666245791,97.30363068909934,8.632378806413357,71.97076787122772
8.76095673515961,67.31729971829806,50.01648536287846,4.209756117158181,89.2718969530136,7.559752980429522,68.28207912369939
9.56409044728093,67.34766009481139,83.43341789283636,8.84244388797192,40.093906311488375,1.8585934958188957,64.28607747669669
6.8744008739890585,86.87506240548743,76.22892765254818,7.993570958272873,78.18408221100442,4.858318188877902,80.51696636186057
4.468233853016205,72.61089704449036,67.40076440492264,5.464110183504824,43.06812288652604,1.26252787280738,63.84314742227866
5.983617501117662,61.2302411469991,70.54499530156971,8.899851646794254,55.456433220023314,5.328011319427081,68.85746369749226
11.609845546501168,72.62197580663467,79.55609780497451,7.009407948181611,43.5714820208663,6.9619061053096125,69.69414646133744
1.2015088408165822,57.04285101898999,52.56501077322143,6.912113291036232,76.22772717696327,2.066523612383364,59.92633683710925
2.625016967096827,58.819349325311165,94.7983653831208,7.740365897147661,81.1953948095564,3.5999644501824912,82.20907559010152
1.6440369883045385,74.91838863697399,93.61362391807307,8.058848940450687,46.86925828395431,4.580529629519413,76.52249667094827
1.570203232465582,70.9462724752274,75.76791274908153,7.282393036657513,63.030332982698766,9.275779221904447,70.97033217162681
12.9764481761541,95.742295053405,50.974834801102986,4.640478731831,67.37419053733252,9.939295138806676,73.00988816282785
10.851210031320331,68.11969495583165,77.41255333372102,5.6913375299724915,62.14318130565499,1.4042016909605426,67.10174202134579
7.638433607222552,79.02941751390217,43.97091249385467,8.640418201630249,47.26150002911158,7.849071311458529,62.15816194244284
2.3696782491140205,81.61321439597651,41.68588762131933,5.12307805921926,65.13686741124852,4.3455165976210886,63.70377562953505
7.882622251635653,50.654722829416684,54.17255886811675,5.860835119187566,85.07068286850509,4.5321236760653205,59.2148778920281
7.62860479092792,83.17686860083553,65.4442626206624,6.16038441472098,44.26045987199533,7.788384760123204,66.01667084468131
3.4248261787402123,58.90179834348757,87.75498779746093,6.1970249484722615,44.810800844914205,9.265837889308678,67.21963940610283
7.073923089331623,98.05351587347275,79.99429883714694,7.064697912472628,61.28627751015905,9.558357350522936,79.21942471241283
6.579066281563228,57.43313638765565,80.84885866599896,8.715379188723539,96.5035426971355,6.194103274344887,79.03960342554223
9.621901372731031,70.73120618635119,63.402133394644146,5.203463559162525,80.11435880337484,4.214090433704525,78.0845830043749
9.891311112147013,54.26748340393219,59.02642459008296,4.60750688150459,80.7201974003539,8.087941772729014,69.79091022022877
1.6342561368086232,99.84371259229736,60.40713196415315,4.987352449299687,61.715199450271896,3.2590124493607022,66.61246731946602
6.244576604770597,75.10975051656213,94.32072600548318,8.434624501046347,75.6196474725123,6.07666625950166,85.48623804991988
9.76203881999931,79.76925086600218,42.206005527686536,7.22905406327603,40.6078710416646,4.227206153723858,63.960263817216365
8.043907620121228,53.353823869421376,87.68673228673467,5.4295339461958,78.16576278457254,6.909679663370885,76.58757587817314
12.990857776636512,87.49802351995889,71.82714747148164,8.079734694843086,94.7972168545742,3.163590216041562,89.24005733293669
10.22171084266523,60.49527965477929,64.12384805542747,8.30684998181718,76.75440810068915,2.7243365116134317,78.39515944726816
3.2810819791400156,94.90271447203568,79.88917132283251,8.23257169345139,92.42191560798071,9.264151780078933,89.04489334078997
1.9879624636060178,60.25698202410036,66.76679177835865,8.594632668197772,83.43838332796562,1.916233146545832,70.73961856964426
9.99386989488842,59.534386033183324,88.03827809449133,5.261205100866808,47.23350498422141,5.5536211696143845,75.45327643205167
1.3711583475827054,51.827483392404744,89.53860252061922,7.775209643731392,94.14719843715051,2.9876750466670803,78.34099784925148
9.200858137828487,73.60334725549995,63.194650978040045,6.3026974863707,43.986630661346496,1.350369669931007,65.60462325784549
14.163223379949406,78.24205666313082,55.22552884792783,8.209992764450307,72.03804835286583,1.3241693646228376,70.18781549258506
9.056638490262305,53.285431971417616,72.57926807263493,7.642453385808066,48.52822742760746,2.576995948952446,71.18237491868845
6.434378966891307,88.77638083475053,90.17998400891801,7.882237232498623,40.70239664385424,8.800933190554002,73.27511267446192
10.006035058192944,72.66444173740138,51.58642039531166,7.280809188405358,65.32205560765834,3.54230869579324,72.01018033692732
7.415540466881232,76.219513466379,74.26316209599156,4.8871438473485345,57.702442459249376,9.554132535177661,72.90661071642111
8.638635050423089,72.03813734691141,74.73581210508863,6.725134594484691,69.16002962785618,6.234600636902742,67.65738125609316
14.180507322871353,70.0381530437663,80.32121623284046,8.92334869762254,74.63199320407304,4.929527707918895,80.42973963769136
6.40543692921084,77.9820165654109,47.23622268199929,8.686940332485594,42.624344338536844,6.220799512025091,49.7725852055252
14.4566678935348,57.76201229653562,79.37037305751487,4.215868678985059,47.38019770742474,5.65028546703641,71.18901128107555
13.674908987384892,59.09640652476355,89.99678863661026,4.824074078647186,73.51854378702552,7.828986283815927,81.6694757174646
3.74107588705015,93.08928105067587,49.88257098786331,4.65864386727281,60.59004119035949,3.5424645937556702,64.25420093497601
1.9710582122523164,97.30577310668164,53.06488287081327,7.629899549926478,83.75040925296688,4.177453524402722,74.42363722351396
2.410892019283973,68.66546581398765,93.42673017229018,8.088926649284726,79.13749891551637,9.046848722799256,87.97385909590564
1.2551055591216962,63.53723365717769,49.95373239902194,5.067556831553359,90.73626177939441,9.518108618353649,61.16935234190558
2.3222014505829973,82.19997716195078,86.99118013532686,6.529263464759145,81.54956960015352,9.033024047378271,76.46466719162862
10.562094827828997,70.43670855490481,67.07528210464191,8.203515140056,65.79586464340889,4.775031945615822,77.19081063445186
1.9966410784432058,51.26931778301724,53.59770909217474,7.6640077238312525,80.37799734366595,8.023289527061936,68.61621161907247
5.4656588241126585,57.80762986830952,87.89124456998812,6.711186027459242,56.52287045532511,5.287021599709889,71.28008482881285
12.828254353572364,85.79861144236988,64.4917890251466,6.951738452293864,58.37880992669276,5.477858669314919,77.10855905280145
1.3258071003015621,82.94619709550757,68.31495446613296,6.5418027345814,87.3391095952476,2.8421209815155555,82.22166800626576
12.402558756245101,51.354799625174174,59.75783531698711,5.487742256594103,66.78517098409493,6.320172729326648,59.76574457844556
4.945966846827599,61.098608096647474,72.61229682892102,6.8251099642950805,87.90282043110115,2.6752230797801313,71.47229560868166
2.6543075867031876,61.55373982940357,48.99381299217625,7.444426510250453,89.3453424200967,3.984082291604744,69.47545266818574
10.75432031509811,83.59463717993643,61.509484515846836,8.366614579304038,91.45374025967703,8.695271814579417,84.27563262571775
9.805199854918376,50.98552688771821,93.31767772844081,7.18145676989624,94.99811415047245,2.863682282897697,84.17313376044447
13.28460818937874,55.205429099228695,54.197338798562015,7.80560768521579,65.85911323079777,1.6404245665608954,59.583038319864166
11.290994613254401,89.99580426865947,76.12051654977107,4.800358174772865,59.13200909926833,1.6210683335153466,86.96440295230792
12.24873302538788,58.927233102716684,57.88545353235822,6.307787372098949,74.93192479564684,9.46706068452797,63.166558683044244
4.948484015998291,82.63730539259373,82.54102191276303,4.046658099135467,62.270345406257654,5.562283941656512,75.06659305231406
3.4841536129161197,61.90913905233633,47.19805133950924,5.233394322608115,76.06445000801398,4.684708646353165,61.97282460396059
11.508606522972016,54.97206963796726,93.34015747931997,7.632308575565024,82.33515175862948,8.297907229071265,86.2485248942414
12.295686349741697,62.1586095499727,64.95842477610016,8.959049756746818,81.30430110952821,8.522433351194644,74.67778988939904
14.867071988009426,86.11334659278296,52.982775484055516,4.495890497936079,62.47317322120728,3.9897192980404412,71.75437233011561
6.776647476759971,92.78482340531428,44.0423211031507,6.007471579306442,50.01161210192517,7.242562517264157,64.64119546154873
6.208253201098964,91.51099322834958,49.33668477981474,8.000354843495797,65.83176030773245,7.940105342666979,67.87819050379454
11.869781450387956,69.85917648092274,68.58756717058097,5.020178173144494,48.55564864491453,6.891856181793591,69.37295945611713
5.77124956354225,83.40425682853231,58.53517470372074,6.7754247465114315,93.4058221110285,2.3643556732008943,64.88223661577139
14.030602558449907,60.24921477079105,85.58858512354352,7.665356480148374,60.75264764427145,8.882947751653514,72.83233090186314
13.017778525802164,64.65738651305067,63.698813801399325,7.079927251300895,49.267584833399425,5.851850974624078,65.84908374047748
7.005916383250257,94.81679092605599,53.679284992319644,4.940123673077081,41.526865594345054,3.542251837330033,60.74130899206705
11.512194949080964,50.6500961755368,73.94297426322166,5.7769228434286966,78.74934317718905,4.827053668939245,72.43175377454384
11.563600237185552,54.2754265427234,78.87274692869951,7.918958922426986,78.21413904728459,1.3381398135901663,73.71867558158895
2.4437341637030565,60.394312757301364,49.187304934552245,6.771132570660083,60.4362499948775,2.150801211001758,65.49102806507081
13.635740693513933,51.32661019369099,49.21905689585747,4.026148067714564,44.30271333085906,7.8899207546427474,60.74130569375072
8.07353321427,59.071771754489866,42.01692848134486,7.804953800140469,64.57773369371392,1.0001047127982954,55.997698634440596
12.570404525508383,79.15207804848461,80.50211082861023,4.176556774701195,58.67304970380361,4.749092456340629,76.03660675954384
5.480694414428564,71.0712275296249,76.50924901919927,7.728668913656161,80.62723838410056,5.702591629770296,75.49419125060146
13.537325198946807,94.63358555384875,66.10469816623976,5.012402800826187,76.34675496716142,1.4917097800087507,78.4356876877547
6.448823502278284,90.87217808692205,86.42937469330585,8.790367400596901,61.8756236918524,9.757703466750996,81.28999070183937
1.151727120724177,67.0908675848938,84.31185841225292,5.839703756510422,53.0735532552994,3.0351279812470473,67.35891181267813
13.67534766986969,62.971171671564626,72.19449004182137,5.634658081690396,99.28215796933551,3.7377884767265277,73.88709161435919
2.27801347500587,68.98462040836334,87.75492042822923,4.7444402516622235,67.2400972717669,3.735482610295246,78.1933176496984
5.470390926265808,79.51474712574039,51.32126655202225,5.528021077451074,81.29645414681423,3.073749959056149,71.65876449741715
14.30086753871127,63.403182041143815,46.155579066875035,8.383253809141003,48.43317805470164,1.0132643987768026,55.89089852603182
14.308500057125785,81.2074453924567,54.83622863343443,8.981671688136236,69.13538197956387,7.564103146791967,74.408878000548
9.028130433726005,70.47058260956203,43.13977708491232,5.841547652534242,41.65220319216793,9.701609498193568,51.95853936262362
9.84572097037719,77.602359042599,69.21432404005677,6.243053154772713,70.327307074627,3.0186413495654056,75.4419843241468
7.278237307696477,71.80632645676583,91.51331307622289,7.6103546910136854,97.84104442706214,6.967424726230802,89.18463727578009
5.104950803772903,64.72328797709588,42.16389473676803,8.430978902325371,63.05240277914801,7.677066942628436,56.81109776063698
5.601303635178823,97.42266534810784,46.716045270551476,6.9652216709339205,42.3397607544947,8.635828411814723,64.68327646242963
10.415258385078538,88.18028970798804,64.87094655558894,5.957628490889147,41.857347455160614,4.803662773122483,66.96644307129517
11.53324341212752,57.00565878832263,91.36312596403477,6.063109204243119,63.27920559681217,3.726378150763863,75.15413306589481
12.08210661216188,93.42339879489563,57.388585773721275,7.478090732484034,49.60149618779164,3.92765620620728,69.53415260640311
12.054653999123754,74.37155991247567,67.89791447786158,4.0160913180213935,41.40112577969116,7.413591997886615,62.95735445630132
2.276885442681665,94.72761134470457,42.28650724777157,7.097946687299204,85.37281683701062,8.351015198550725,67.84235475603595
7.921884265836141,89.99276279736577,48.15887605291489,5.777465052206787,67.51138053291345,2.6345257098094237,61.87138374967991
1.80582264023302,71.26067522346167,94.26465676273658,7.9709866563854215,57.35468631835927,4.338469073419887,74.57436652528028
8.693404352532298,51.12346541600587,93.08152830398251,4.46495319911566,94.00499098098885,9.11746177074235,78.11579771270202
7.181427019227279,63.4338679692473,40.27169895139253,6.941011334741953,46.96833761203153,8.260241677252653,51.63681518301515
13.427858558616197,77.08171073304334,92.34964819827815,6.404864449430619,97.35512973731915,9.863725624862283,87.41122203704867
5.912810175729102,81.67391099130737,75.15159657985252,7.211627629526137,58.83800304264117,7.788234337138727,72.80566572024337
2.638938229986482,62.894384271660115,87.73550619860121,4.324267972414842,93.30422033852088,4.5387568092513,81.41587187150654
3.001883548739702,56.96780370364121,65.01069205986225,6.899918937140656,76.1765725887677,6.31574050595174,69.42865274839743
11.661148844044611,91.74651183996495,68.35778157185877,6.807422939797618,89.60244158448924,6.949128288225882,79.01719309779449
9.655052886427654,99.22010903517761,66.88656191413061,6.8033004720808545,99.04078979262786,1.7061023468541157,80.60271476447538
2.415717465719063,76.28450911513428,76.67753416503574,7.017438332982274,57.30432626912474,5.900472631934786,66.62755649976123
2.177495285609964,58.583964292415175,47.68081901159721,7.382339686131811,97.66812912445558,7.383887456253486,61.68312322887296
10.81356784042768,63.61536632596845,41.648547442997284,8.02494499840385,63.36891369414522,2.505891736009543,57.90712576212672
2.0186820890987094,50.919533827373336,56.9361467875155,5.3491036006410715,63.130714284215344,8.025685456830015,53.93993874348025
12.506040830064986,95.71494032802495,78.75744195051557,8.12524705090031,60.42322625527034,6.253955024627005,75.57503503207957
10.887391180190948,55.88755414450706,51.10193986676216,6.491278411317268,72.48445644085511,9.569996071278352,59.15776238153587
2.1388829289865967,78.82582377571268,77.03878383287045,4.385291395671656,49.24870259070923,1.3818006838620254,71.43761363011154
2.187727997192687,63.7027610343603,93.34516253589987,4.292754646219896,73.22268912148067,3.3879352379992027,80.01880985626732
14.812954099016457,77.70890012578967,45.16453936841801,5.671191593480303,72.50228874460024,6.413984913698417,64.17341230087945
6.239791140585685,82.57101941759322,76.99311650238195,7.924484885557337,85.7141087562922,3.669039209853376,79.1194834614158
6.188990058936473,91.48709018536007,64.40626206175142,7.538404673704578,90.01899771625514,7.42981747664118,74.60518574832155
12.379193941605036,60.32106358803016,87.7478239907628,7.943074823362032,66.42648101874545,7.831047542697379,75.76519018856253
14.261480083374021,50.549791432924025,49.74323841960623,6.586345282208047,58.13999496108963,1.9226436765982702,55.185072125275795
14.804014893520193,56.844281503440364,78.09442737243904,6.200994989777453,55.56009383902567,5.624690177860909,72.43450025966985
11.547294593625182,95.00093209240526,86.09634093064606,4.73726263353142,51.677430202292314,5.580015000319503,73.44558083061588
6.2676341974328205,93.69450387812577,91.95378207107129,5.640963768046557,43.458854931941495,4.3235269319398695,78.3818472294567
2.1690100337813627,79.87065510851542,77.57864155593052,6.170096830869376,60.546878730082796,9.396323763127048,73.44149103535833
11.880056822984114,80.02584302168268,67.3446120204635,4.443002148398087,56.21486152784699,8.44755687885899,71.25229247899124
8.817659496301271,83.25183372731277,73.98159821106677,5.103059763556056,97.98504315198444,7.274884437186731,93.77808629591925
6.939108129457668,58.76856393117248,87.7897741463295,6.991126470318694,73.46252957500263,7.428939721614978,76.6951913742387
13.688961391326304,95.72059729624799,71.38353606513563,7.678315571195949,60.83662234183045,5.1554452943180715,74.6916677315379
2.556764752286119,70.93852624460365,41.67128828332603,8.991737556964749,74.82805605962176,9.288950689869182,59.48642246254303
7.8967514600720286,69.15692641247487,91.20217825288378,8.66556665671779,48.351802080741734,7.251358845279569,66.83820092142719
1.158951026743867,75.94588526414188,77.92397130673587,7.2128259976759574,66.64262495213217,7.560829554902348,72.4219811054246
7.561248987917768,52.348298338752755,77.20823621774855,6.10624026647036,77.57405928526383,8.755218134086107,66.54968088645492
1.788245859545723,58.31416843780397,51.86213338187444,7.180886823541163,69.33386990754708,3.4666443040797192,63.809250942115725
2.6634508277530067,86.90168082131852,76.23870086279615,7.92825809040116,64.10672803925945,8.263638134800328,72.62024780669353
2.6453674548794686,54.139933396256325,61.662542310978715,4.591680954616937,99.63090333398189,2.7571654266084282,68.46612073723182
10.08894422962489,80.1576054733194,75.81781373728207,6.049524448481441,92.81888572893561,4.1080775702039904,79.44410733625702
11.444628309715926,62.26745548406605,45.86261666693949,8.199011428178085,77.40435748956641,4.020494088428585,71.05630950765986
9.167162711360234,69.46478070209884,76.18149175316698,5.91916475966522,74.16264167093696,9.806729215502266,72.49786117486669
14.470415678643587,64.43468683853499,94.96775491738666,6.859361356135933,77.23962878947503,8.708835013731342,90.25140492978753
6.248188113331857,67.78363582324747,42.65166213733058,6.938846804310991,52.078726469345995,7.310528754312338,59.31231148896864
4.99996920794605,85.95229525921228,93.74458013217244,4.9223812656681964,63.70826459585912,7.5435108545385114,83.73573114950119
13.160387794652443,64.85608578115875,62.379937839757886,5.811177208261442,42.36757197345396,6.05865514962314,64.26612024738131
4.130341739272337,78.32023201484486,87.89143976854925,5.672556443709661,68.5327622492096,9.523816003976671,79.55100398437014
14.485115552168558,73.80252010995498,83.03120162320505,4.130983542660324,72.5814750374598,5.466328775941254,71.35206873603332
1.1701626456574288,83.1835582681324,71.18589435426674,4.120958819456776,53.664984166192575,4.424659388829051,68.36471709096824
14.578303573906947,96.84148696623791,80.61470650882296,8.158485218378868,97.84173082993082,2.467318032384319,95.33487786585077
1.6042387673080656,86.62860486051252,88.31835587157414,5.365354049864062,94.56727665623453,8.075850870349523,85.09050508817174
13.476003591772995,60.74701892953784,62.22771769080681,6.590393831194078,83.32859412735435,7.609995388680323,64.17710195564628
8.387815527208197,51.55915675306424,57.986823885978126,5.493627867943865,72.00319772592175,4.459195346717214,62.352206752950565
14.901507145670205,63.113202214991254,76.71763620599717,8.703396225576704,92.19814957886109,1.2267407256330642,87.73612110473722
2.033151906295584,79.75389653501274,84.43152680676923,5.296483794328869,47.83914062940777,8.550975949462096,77.3238286183929
8.753959981618491,52.57129067421252,81.92568241271387,6.148284063694676,87.4305876564931,1.1027618510866626,75.8644361224388
14.570235498667385,74.81831236006181,83.8797506872249,8.36365125242301,47.489248838010894,7.333298016661459,79.24550046346516
8.323369818382083,79.84214244584446,63.957082314711315,8.209667833959044,87.65263975296432,9.732313987534514,73.5071974001776
9.811580933893676,66.71219454084805,84.98088188962619,4.930507089231386,56.546054095081416,4.938951953333831,66.42543692681865
10.74048164578464,88.54561018729109,46.61149804538346,8.013216548978551,92.62543486109134,3.114760644963575,70.15746277123544
7.363574906748825,55.32991265668859,69.94690038784672,6.290934433689463,96.64252562952387,7.343839090390436,79.30231434265912
9.785813121176888,53.75688908679044,40.31672632739669,6.414844360426776,48.92775816430694,8.354153278140267,50.13125157482586
9.180400366923404,86.40943781018017,57.852220644514865,4.667399862079719,67.76053630392362,5.917872844700626,69.74970729343653
13.616212146873846,74.77456581030992,60.15538441792688,4.403007568785624,98.8592426897611,9.703317477305315,74.51126136784245
1.6362493247804102,84.4201198213868,61.789498038509045,7.6396965348688255,69.00444615838879,1.46501849492165,79.21055148361157
4.933484654291225,71.74136693018731,78.25069636794242,6.482305761776499,91.8128513508727,5.543160384740753,85.71016713739002
14.305760777071821,62.32010166195534,61.370695569869014,6.184253513075898,75.32389132787918,7.466085525902951,78.38549027929294
13.463692974472828,90.95511588371,64.6781492442392,7.647541143261984,62.51979447517611,8.76376424034261,74.02946070094683
7.379194538999981,89.97079394844897,53.064927198088014,7.827564494955549,57.147013331552216,2.6133005071701105,69.58044778949937
9.681856369221514,84.73482354272133,60.528848539613705,4.794540838346768,52.193385465165235,8.200031335873133,61.168510684618006
4.883336561735858,63.607256861498136,52.49982949947333,7.051125747388206,85.70789148266184,5.974363681466907,71.85218084172544
3.6336962361326584,79.51153334345435,44.0257758072644,4.676770411388428,63.19243040938167,4.568983137909669,56.22701850443133
7.491777669159751,68.04869484700134,73.18967263597578,7.756875430145229,70.67652773204507,2.185435257211842,73.95150474320897
5.946931192364739,54.579103666331704,76.7517039205259,7.284775781335698,69.53952880007091,8.787661830180213,63.77366767370756
9.171185565912209,95.86567877311214,74.0719690305288,8.78307310541729,74.63674175398788,2.415458873617438,79.80944242431903
2.088284917509788,56.84093154594807,65.49217240903148,4.344790081782106,91.93462873747313,3.7880907328818934,65.43619331633445
14.641527307326331,97.51186769104012,60.888217909857644,4.285273605756272,98.84436061500577,3.610409787661932,81.19763887396269
14.80695042271444,72.30028864789779,87.4833507264504,5.410935373466001,64.45505251442901,8.842726307717689,76.43594785343262
